Apple 아이폰 13 256GB [자급제],"1,150,000원",https://cr.shopping.naver.com/adcr.nhn?x=5zIuruupb3B8xdGz8cre%2BP%2F%2F%2Fw%3D%3DscP1xRAvSotfPZM2FlfLxSlTujfEI6hJcdbrdGv8I83kXfmlaZeQqomjdtI9e3qsmX664CpRpkYEJUhNEwXDj5ke%2BPYvkEQahrPuSHucVwn0iOCfAj4hefVSVyfVSfNa3St0PaARE8cIZDRrCZEmhYMOmY27ZGze0Q%2BtXRlM4OxtFSICBvI1ATDFN58yC%2Fe2x7UbHl5nuw3vNbkz1mKuSl8dAmfSN83ChOoIPfneWzCavS7fnn7TEzbGYEdK0StlzeIpE90XKNImdkpad1wWBY1g7gCbqmWxpcdI7rnSPXIU%2Fa18qhDQ1A%2FKJp3fgBDor391W%2FC1w5SVs2sYtTdFSepy8a%2BOHcypbru3Ru4xH%2BYTUQvs8GHq%2Bj7OvUNvyviyxS6nKoqtur6iGShqz9U6Fbkfowj1KoKb45p%2BXgMZysfkEdLuJh13gFOuABI1Cabywr1zQ3TaGfkdsxOv%2Bp53WSu5jnTGDpKGObFTyhFRkGDTL%2FnGINkSYp%2Bd2xAAY7UDn1UxaqwwRAbTAeA%2FJh4PWJs618Qy%2FXKeeHU4xzKOpJmVicchwRNwmJ84TyxvjggzFM3a%2Bh0OIAL113RzMubp3JuheaisooeRPp1mmk4hOEzTke%2FVP%2BgM94BPZkP5YJ%2Bex&nvMid=29029192591&catId=50001519
Apple 아이폰 13 프로 256GB [자급제],"1,215,670원",https://cr.shopping.naver.com/adcr.nhn?x=Qv3d1BOBMuXxnPthsnWSlf%2F%2F%2Fw%3D%3Dsz5mYPWK%2FjP9%2B1%2B3GXgM1uXIN0Ejz7F3D6m4OnECupTEbsBKbbjTB%2BBCjsLv6tz%2BjyweFXuiG97Fu7hnmuhKSsV%2FFfouM4F8xdG33Wmwp15WeiSsfsgtm8edtdjlHUJHZ0vTVlXP61KdGiMjzfwWZlkgAn8lD2%2BxrgblrBqYwPdWug%2B9sjA7rHdeMLkY%2BwIMUBoJ3D2%2FUDVKv9Br5lu%2FNPDQZD6UDT51Dg8nNb9lI8fV%2BFLPJmN7kd5F0maTGsL0cSM4JbAE9yEjFVjJk5NBH8Kq24oN9Nynzv5tuIh7jPidD4P%2Bj2CVvS6QkrpszyaIoCuwrUM2Vi5bq9fxYHuPhKXcoAcazJBuqyiso6OP6uHeV289ab1jayJzZlmys0N8K2HvQrG1q57G6KIPveES%2FyKkZgR9eJVddBLdFrEFkv1OD5Nr68hVNdNJQnD8kyTvgRcd%2B1iMq84hOD7Olqw7vxE%2FS734Z%2FTZmXm6tOkbefL3uY50xg6ShjmxU8oRUZBg0y%2F5xiDZEmKfndsQAGO1A52bkfmeOeQlTPzVvmNf%2FYiuyIRx2TghQt3IaGtWSGpBFYnHIcETcJifOE8sb44IMxY6MttZBvQFaxe%2FTkcSFjeAUcUER1OXWbYe%2ByaebFs%2F2gqgOvq6z5EpEI5N2xav1Mg%3D%3D&nvMid=29030492586&catId=50001519
Apple 아이폰 13 미니 128GB [자급제],"870,000원",https://cr.shopping.naver.com/adcr.nhn?x=fnt2WD%2F8rr8RXD%2Bwna5xxP%2F%2F%2Fw%3D%3DswATIvupN7tMYp%2BIpC3Tva9eRER6N3X5wiRptIyGSyb1hJz9H0Ub4KLvuVTVtNMxM75AkgEndI3dhMXMs4JnNZgxnWKVXU2XJfC2qsMuzEzmPfwMTNZBgl9dVE4xHzuceek6KSTgbX7E%2Fv1sUNM1iAsi30QtKP1mA7BYZPpxeJLexWvZfe2todmJfmpbNrXnq2drsUEzev9hA0cDt%2BuxFM7ix7jXt7MNVc9AIu4EfDZlNEwRr%2B3STfYHGn%2FB5b3e48SbSDFozcR%2B%2FSYY%2BZ0RyJHrUwYeHaLJTkQxo9RbM6zHDpmNu2Rs3tEPrV0ZTODsbWqyaFa2xLbpwGCJChqMDqgSt4lPm53mlIucr4ch0DL89Z0SeMqENQcl4GV2BeGrFK98KaIZa4VBE0V5wqYGSToVNdyc%2FVOyqtUcRZRa4W3YKdxpmR%2FOe9hARgxC56kTdfY6%2FHjXTWDbDzPbx50kyUctCCDv3O8qpgwhizJk%2FVqJxsF7LFolFgeQFlnrP8JWR8jR8gVF8FlQ9pItE8Zzc8mBb%2FmvR7FV%2FXXJd2t%2BGZOUeNJDY7%2F0MEtUeIfKRibnO%2BgtF15PMkmjkNDmi88yMRWX1W3wuy8rTo9XsnihN7IVjtEEnHZo%2B%2FVuCJHvsmHjrDVCYCaeglF2rgr1u2OQIzQ%3D%3D&nvMid=29030650586&catId=50001519
Apple 아이폰 13 프로 128GB [자급제],"1,254,990원",https://cr.shopping.naver.com/adcr.nhn?x=7AN5l8UV6WiV5WldS3FuDf%2F%2F%2Fw%3D%3DsCzVHl6rbj6Ktjce%2BJ%2Fyxz3nWpOJyVLr7IPu%2FMHQ%2FUyRhJz9H0Ub4KLvuVTVtNMxMrBDcHkcg%2FVGX%2BtinRTA%2FGQxnWKVXU2XJfC2qsMuzEzmPfwMTNZBgl9dVE4xHzuceek6KSTgbX7E%2Fv1sUNM1iAsi30QtKP1mA7BYZPpxeJLexWvZfe2todmJfmpbNrXnquNUGE%2F8E2Wl6h%2B8WEwxe9bix7jXt7MNVc9AIu4EfDZlNEwRr%2B3STfYHGn%2FB5b3e48SbSDFozcR%2B%2FSYY%2BZ0RyJHrUwYeHaLJTkQxo9RbM6zHDpmNu2Rs3tEPrV0ZTODsbWqyaFa2xLbpwGCJChqMDqhWq1tH5t3m66xY7VkQehPg9Z0SeMqENQcl4GV2BeGrFK98KaIZa4VBE0V5wqYGSTr7mj4%2BEr18YfKKqm84wMQMKdxpmR%2FOe9hARgxC56kTdfY6%2FHjXTWDbDzPbx50kyUZ51qr3E4Hnuiv4ZhWDHnDtxsF7LFolFgeQFlnrP8JWR8jR8gVF8FlQ9pItE8Zzc8lD8NkaVSdHoje2T7udgayqcai5M9DK8ESZa%2BrnHHWSljr%2Fvhuz%2FM2bOeEg7k3nONYbazFu2V2O%2FpVriG1Q2Z6L0UbNk5di1V8jUMbmtHii%2FBq7h9PA5SrIXrcWPClBGWw%3D%3D&nvMid=29030420587&catId=50001519
Apple 아이폰 13 128GB [자급제],"1,010,000원",https://cr.shopping.naver.com/adcr.nhn?x=gLiRm4BxQAmWrbfuZtRPK%2F%2F%2F%2Fw%3D%3DsuvipA4T%2BEPaju2BXEtlGdq3ws%2BNCQGiiRjhgVJ22MrIbsBKbbjTB%2BBCjsLv6tz%2BjuPGpj7OhX5nBgDuJ1PEmJJS%2FSFeALhTLh8WV32ah8NyeiSsfsgtm8edtdjlHUJHZ0vTVlXP61KdGiMjzfwWZlkgAn8lD2%2BxrgblrBqYwPdWug%2B9sjA7rHdeMLkY%2BwIMUMRx4KxbEWu5oJE2qAkkLfzQZD6UDT51Dg8nNb9lI8fV%2BFLPJmN7kd5F0maTGsL0cSM4JbAE9yEjFVjJk5NBH8Kq24oN9Nynzv5tuIh7jPidD4P%2Bj2CVvS6QkrpszyaIoCuwrUM2Vi5bq9fxYHuPhKVYOlJt8YG4%2FpX1gILnZwLdFHfspYq%2Bv3y%2FAjHcOZlKw2HvQrG1q57G6KIPveES%2FyEGio8p%2FsNi0JNe8VwyhgnuEXu7h4MjRd1l7DPQRwepaRcd%2B1iMq84hOD7Olqw7vxJEIbCvRayyGioU6ngj3ufp1I8EDCh5n2RBrPUf%2BYM4BX8a%2FHvPOPEuDd1Ce%2FzZYNTpYy7U0KJ1N9lRXcvrV5w7czw%2BTvVKgrqjwG7peLTuECDfFfiS902MNL5mSDZn8FJTUfVTGrZleYnHaHF94Bw5WhZ3SMHTcLlpircdRzUgq1JIslBmdxaTx7xO1%2BPPoWw%3D%3D&nvMid=29030374587&catId=50001519
Apple 아이폰 13 프로 맥스 256GB [자급제],"1,352,170원",https://cr.shopping.naver.com/adcr.nhn?x=uaD%2B%2FHEyaObCq8Ic6PD35f%2F%2F%2Fw%3D%3DsalEFOvHe9EbaaTBIxE64d75zg1yAzfGY%2FOwCYMZNbu8bsBKbbjTB%2BBCjsLv6tz%2BjWlpe4V5xmKyt1N6%2F9YZE44g0x%2FKpVu688RBU9qGwJrSeiSsfsgtm8edtdjlHUJHZ0vTVlXP61KdGiMjzfwWZlkgAn8lD2%2BxrgblrBqYwPdWug%2B9sjA7rHdeMLkY%2BwIMUBSRNe5ZyGuyhkwLhP0AEuzQZD6UDT51Dg8nNb9lI8fV%2BFLPJmN7kd5F0maTGsL0cSM4JbAE9yEjFVjJk5NBH8Kq24oN9Nynzv5tuIh7jPidD4P%2Bj2CVvS6QkrpszyaIoCuwrUM2Vi5bq9fxYHuPhKdr%2FTsFElmebHlc51%2FoCi2fdEz3o266eLstHM57pzPJO2HvQrG1q57G6KIPveES%2FyIWm7DrtyBydYAL0XokbsPiDYZcKCeYHyYObKb%2Bmq4g0Rcd%2B1iMq84hOD7Olqw7vxE%2FS734Z%2FTZmXm6tOkbefL1dHw5UgBfdTfJ%2F1HYfR%2Fcyz1OqZ7Rgrq4bv1fLqJ02IeV%2BjAdyXW5waITovEGNprL%2B6ALgMLifLSzq9r2goebG%2ByrzRDHBwYH5Ey7N2dHcNX7bRQ%2FPmkTqZ6p6stckJhwE73LgnpYbAmOR0kkPyu255Hv1T%2FoDPeAT2ZD%2BWCfnsQ%3D%3D&nvMid=29030294588&catId=50001519
Apple 아이폰 13 미니 256GB [자급제],"1,010,000원",https://cr.shopping.naver.com/adcr.nhn?x=bN1t5AsS9IOK8kKXIF4cXP%2F%2F%2Fw%3D%3DsL%2BQw2ASHUAHZTM7KUxpqDzXzvZ11VJRNktMOH8Er4KsXfmlaZeQqomjdtI9e3qsmmwDxkmyt3NTSoHtdGP8bNke%2BPYvkEQahrPuSHucVwn0iOCfAj4hefVSVyfVSfNa3St0PaARE8cIZDRrCZEmhYMOmY27ZGze0Q%2BtXRlM4OxtFSICBvI1ATDFN58yC%2Fe2x6Waal7xaUfVhpIb5KtxtzMdAmfSN83ChOoIPfneWzCavS7fnn7TEzbGYEdK0StlzeIpE90XKNImdkpad1wWBY1g7gCbqmWxpcdI7rnSPXIU%2Fa18qhDQ1A%2FKJp3fgBDor391W%2FC1w5SVs2sYtTdFSenTVNM7QwmBPjFCxwERr1QHUQvs8GHq%2Bj7OvUNvyviyxS6nKoqtur6iGShqz9U6FbqmQYK9bV69tGFFws7NAPZUEdLuJh13gFOuABI1Cabywr1zQ3TaGfkdsxOv%2Bp53WSncsz9SaQCgs7V%2F%2B%2F15Qw2jPU6pntGCurhu%2FV8uonTYh5X6MB3JdbnBohOi8QY2msiLAeZz4zONpEunZhsYXtgfDamim%2BTkfHK2Nuua%2BC5jE%2FT9cRxpb0ICQIPgIZ2yqsz%2B46hjDB4uRDJr8sHzboLTke%2FVP%2BgM94BPZkP5YJ%2Bex&nvMid=29030437590&catId=50001519
Apple 아이폰 13 프로 맥스 128GB [자급제],"1,247,430원",https://cr.shopping.naver.com/adcr.nhn?x=xk4beJX2aQ2%2B5iRqCKSvpv%2F%2F%2Fw%3D%3DscC3Vw5YPGmYEFokprurTUxYPqek0Ox79vKGSLeG%2BkdBhJz9H0Ub4KLvuVTVtNMxMDIq8%2FmoiPftgCTW16N5gdgxnWKVXU2XJfC2qsMuzEzmPfwMTNZBgl9dVE4xHzuceek6KSTgbX7E%2Fv1sUNM1iAsi30QtKP1mA7BYZPpxeJLexWvZfe2todmJfmpbNrXnqnCfUWv5T09LdwRr0l79u4rix7jXt7MNVc9AIu4EfDZlNEwRr%2B3STfYHGn%2FB5b3e48SbSDFozcR%2B%2FSYY%2BZ0RyJHrUwYeHaLJTkQxo9RbM6zHDpmNu2Rs3tEPrV0ZTODsbWqyaFa2xLbpwGCJChqMDqo2awC49oK5G1NNNc2tqRaU9Z0SeMqENQcl4GV2BeGrFK98KaIZa4VBE0V5wqYGSThOAFoErTNe%2FJJYXYSAE1HgKdxpmR%2FOe9hARgxC56kTdfY6%2FHjXTWDbDzPbx50kyUd5TwUlrPPAA7xkROGh7c%2FLNX9ltnmwiQaA3YMOmPEzPQ%2F5BTDuLO7E8eLG3O1110L2joxsTLXUmX9Jy9y68R2xSePlTZtuTvXmINcbWWI7eT8AlxSYkXaLH96LNyv1p9dQ4bLnGR5fkyEq79yfZnfTIA2Fa%2FzCQC%2BxsDCvrkfm%2By1Vhq%2FH77x9Zlr1IFzyuow%3D%3D&nvMid=29030367587&catId=50001519
Apple 아이폰 13 프로 맥스 512GB [자급제],"1,767,000원",https://cr.shopping.naver.com/adcr.nhn?x=KYLZTWd2nZFuFHZZWvpQJP%2F%2F%2Fw%3D%3DsYU9fXnshQZnyvdFPgRw4ZCrl%2Bj5q2ACwx8MYynIn4c9hJz9H0Ub4KLvuVTVtNMxMNjn7eK0r2BL1xUlMw%2BDS0gxnWKVXU2XJfC2qsMuzEzmPfwMTNZBgl9dVE4xHzuceek6KSTgbX7E%2Fv1sUNM1iAsi30QtKP1mA7BYZPpxeJLexWvZfe2todmJfmpbNrXnqmD3tRrdK1cFWEMxpF2wcAbix7jXt7MNVc9AIu4EfDZlNEwRr%2B3STfYHGn%2FB5b3e48SbSDFozcR%2B%2FSYY%2BZ0RyJHrUwYeHaLJTkQxo9RbM6zHDpmNu2Rs3tEPrV0ZTODsbWqyaFa2xLbpwGCJChqMDqg%2FQ0Ze2pJwB4ivumzsD3VI9Z0SeMqENQcl4GV2BeGrFK98KaIZa4VBE0V5wqYGSTqp3rVWgsqRVklwV69meP4UKdxpmR%2FOe9hARgxC56kTdfY6%2FHjXTWDbDzPbx50kyUd5TwUlrPPAA7xkROGh7c%2FIK4mYDXh%2BGup489PkxjDsfQ%2F5BTDuLO7E8eLG3O1110L2joxsTLXUmX9Jy9y68R2xBKcAqqx8YaTTh1WU8B2UpT8AlxSYkXaLH96LNyv1p9ShJ3oIjMDi2VStMgn9Sgx%2BY68C1tW3Z7Qm%2BsjrR4z8zaGimR4pR27mrh1IoDTOSgA%3D%3D&nvMid=29029192586&catId=50001519
Apple 아이폰 13 프로 512GB [자급제],"1,636,800원",https://cr.shopping.naver.com/adcr.nhn?x=wRoERsyBQjNfcx5rXLzSx%2F%2F%2F%2Fw%3D%3DssI2Hip4i5fD3QmbJqLCvI%2F2682f3Nnf56K2lTQseaFQbsBKbbjTB%2BBCjsLv6tz%2BjyXCvJcBPnabiBOSoyMfyWZHIjACjV9s7vFivztXbz8meiSsfsgtm8edtdjlHUJHZ0vTVlXP61KdGiMjzfwWZlkgAn8lD2%2BxrgblrBqYwPdWug%2B9sjA7rHdeMLkY%2BwIMU%2F7r9owRKQwA1obAu19o%2FvDQZD6UDT51Dg8nNb9lI8fV%2BFLPJmN7kd5F0maTGsL0cSM4JbAE9yEjFVjJk5NBH8Kq24oN9Nynzv5tuIh7jPidD4P%2Bj2CVvS6QkrpszyaIoCuwrUM2Vi5bq9fxYHuPhKfq%2F%2FKiIObMv6P%2F4ROWh3GbMFTnvC44bZeal115evJDb2HvQrG1q57G6KIPveES%2FyKDMeRbYCP3ZBYzicha1En2EXu7h4MjRd1l7DPQRwepaRcd%2B1iMq84hOD7Olqw7vxE%2FS734Z%2FTZmXm6tOkbefL3WK5oXes95q%2BdZQZQMyRbyy%2F5xiDZEmKfndsQAGO1A5zIMOUZ6w7USGwedR%2B6Iw%2B13m6FWRH6uzV99utgKlfcDYnHIcETcJifOE8sb44IMxUzBHPBBqb5E7jUE5Ia2iI80j%2FWF47KO932O%2Bn69YtG1DhLBwu%2FFQS5xWYf5w6G3jQ%3D%3D&nvMid=29030416587&catId=50001519
Apple 아이폰 13 미니 512GB [자급제],"1,292,000원",https://cr.shopping.naver.com/adcr.nhn?x=E94Ua43%2Fx6nE7fAItFSdGv%2F%2F%2Fw%3D%3DsJW4Nu1O93TyMFyidJCTPaqmkJ6NfCTcu4%2FvMklG6NjphJz9H0Ub4KLvuVTVtNMxM7qaTMvoCV7oTmV4Mz9hQ2wxnWKVXU2XJfC2qsMuzEzmPfwMTNZBgl9dVE4xHzuceek6KSTgbX7E%2Fv1sUNM1iAsi30QtKP1mA7BYZPpxeJLexWvZfe2todmJfmpbNrXnqsbuGkiliGuKFQrhO3KCkYbix7jXt7MNVc9AIu4EfDZlNEwRr%2B3STfYHGn%2FB5b3e48SbSDFozcR%2B%2FSYY%2BZ0RyJHrUwYeHaLJTkQxo9RbM6zHDpmNu2Rs3tEPrV0ZTODsbWqyaFa2xLbpwGCJChqMDqmmwaumoyxheXQDt03WJX1s9Z0SeMqENQcl4GV2BeGrFK98KaIZa4VBE0V5wqYGSTnk7fogoobarSJssoOFFF5UKdxpmR%2FOe9hARgxC56kTdfY6%2FHjXTWDbDzPbx50kyUUL8CDsR2GxHr6Pm4W9wYJYWD%2BrNa4qE%2Bx%2FvqVwvK7Ta8jR8gVF8FlQ9pItE8Zzc8kkD8NIDYLAbwyJ7TYM8lpNHjopSWvx9eF9SHHkQrIBqjr%2Fvhuz%2FM2bOeEg7k3nONVLtXM03%2Bl058F4o4FuNuLTa5bSY0T1s0lMURSOlWdDHQdAiJdwXirBRdnaxfvrBbw%3D%3D&nvMid=29030296587&catId=50001519
Apple 아이폰 13 프로 맥스 1TB [자급제],"2,018,100원",https://cr.shopping.naver.com/adcr.nhn?x=dfvLLiNufoP6qqKmJtmNCf%2F%2F%2Fw%3D%3Dsg4aygMwfBq8hyeVrFhjAMQkuqmZwLEA1NJZBiFaAS5hhJz9H0Ub4KLvuVTVtNMxMK7d6rjBBoMWHcJnvhCsRTwxnWKVXU2XJfC2qsMuzEzmPfwMTNZBgl9dVE4xHzuceek6KSTgbX7E%2Fv1sUNM1iAsi30QtKP1mA7BYZPpxeJLexWvZfe2todmJfmpbNrXnqArgGaDBKbEfnwAwTC02FZ7ix7jXt7MNVc9AIu4EfDZlNEwRr%2B3STfYHGn%2FB5b3e48SbSDFozcR%2B%2FSYY%2BZ0RyJHrUwYeHaLJTkQxo9RbM6zHDpmNu2Rs3tEPrV0ZTODsbWqyaFa2xLbpwGCJChqMDqlFJybIfgJ39Xqju1PlCa7U9Z0SeMqENQcl4GV2BeGrFK98KaIZa4VBE0V5wqYGSTkQptKfok8A3Gqgse4ggZ2cKdxpmR%2FOe9hARgxC56kTdfY6%2FHjXTWDbDzPbx50kyUd5TwUlrPPAA7xkROGh7c%2FIdInBmZUI7xsGJvU%2Fln4TpJQ7%2B%2B64EKB%2FCwjrIJoRho2LyPDWRgylYE96MH4EkL2biZ8SdYpZOxHKcbE5LFuawDWrhHEcp0p%2F%2FKKziu53PdKyMqL4%2BcaeKlO1hbmf%2BPM2lVzJQw8qx%2Fa6Yl1nJLMzjy1Vhq%2FH77x9Zlr1IFzyuow%3D%3D&nvMid=29029192590&catId=50001519
Apple 아이폰 13 프로 1TB [자급제],"1,894,750원",https://cr.shopping.naver.com/adcr.nhn?x=rRe5xSURVIefjsmBlkD2Ef%2F%2F%2Fw%3D%3DsIVmL5RbPN%2B%2Bmxy%2FRRQjT5uFspVPYqX0t88YZymX8XhRhJz9H0Ub4KLvuVTVtNMxMTcF%2FiQRBdcwZtFU9XPPHKAxnWKVXU2XJfC2qsMuzEzmPfwMTNZBgl9dVE4xHzuceek6KSTgbX7E%2Fv1sUNM1iAsi30QtKP1mA7BYZPpxeJLexWvZfe2todmJfmpbNrXnqM3WLqq0EN7lRPuVNhhc%2BTLix7jXt7MNVc9AIu4EfDZlNEwRr%2B3STfYHGn%2FB5b3e48SbSDFozcR%2B%2FSYY%2BZ0RyJHrUwYeHaLJTkQxo9RbM6zHDpmNu2Rs3tEPrV0ZTODsbWqyaFa2xLbpwGCJChqMDqrT4mOiXwM5o4c1MXvroDYQ9Z0SeMqENQcl4GV2BeGrFK98KaIZa4VBE0V5wqYGSTiPOwRC6ePOTcbfOexYPTWkKdxpmR%2FOe9hARgxC56kTdfY6%2FHjXTWDbDzPbx50kyUa%2BYPDMD9m7la%2BI9awrbzM4N%2FOXq06xFLlMCwNDQObjPLcqEhOiscytOptfh0D9%2BAq98RJE3qmnJpBQ8ppq9A0%2FgqYGOMBsM1dLN3vzaZ1eav4YGjJCSIW1IvBxXT1wG9%2FSYUoYs0C50CxwbMbulnZ9jtEEnHZo%2B%2FVuCJHvsmHjrDVCYCaeglF2rgr1u2OQIzQ%3D%3D&nvMid=29029192588&catId=50001519
Apple 아이폰 13 512GB [자급제],"1,348,900원",https://cr.shopping.naver.com/adcr.nhn?x=nWYEdbCRsXpBEi29k8YnzP%2F%2F%2Fw%3D%3Ds1qyXWaeGynGQcQN5LJkvRn73aPROpL6lS%2FZYEFe7dkcbsBKbbjTB%2BBCjsLv6tz%2Bj2dKYSKWKrQs87QKOxVTVpdgpmqrQwROaUdhwzcXSe8ieiSsfsgtm8edtdjlHUJHZ0vTVlXP61KdGiMjzfwWZlkgAn8lD2%2BxrgblrBqYwPdWug%2B9sjA7rHdeMLkY%2BwIMUMitlUrK3fytmuS7rXutm0DQZD6UDT51Dg8nNb9lI8fV%2BFLPJmN7kd5F0maTGsL0cSM4JbAE9yEjFVjJk5NBH8Kq24oN9Nynzv5tuIh7jPidD4P%2Bj2CVvS6QkrpszyaIoCuwrUM2Vi5bq9fxYHuPhKTjNKMvleIj3osS%2BQahSqVVSPxfY0CStDWe4X3MPxt%2B92HvQrG1q57G6KIPveES%2FyEUGCRp0y8ePhtmQb%2BxRya6D5Nr68hVNdNJQnD8kyTvgRcd%2B1iMq84hOD7Olqw7vxCIgB3gYnTr0Wj7h5xL1%2BCl1I8EDCh5n2RBrPUf%2BYM4BX8a%2FHvPOPEuDd1Ce%2FzZYNamcJ0wjRlef%2BGTG33Yjo84zyP39GJGdS8V7Q1QYBuGwin2nQlLpklqgvDNCmq4mYAXtdISDrYer3mLCtYEJghMDfkLIyuldBS3f8m8e6nLmzUhNzs2VE%2B%2Bisqs3JAEppg%3D%3D&nvMid=29030496586&catId=50001519
Apple 아이폰 13 미니 256GB [LG U+],"140,200원",https://cr.shopping.naver.com/adcr.nhn?x=8mBUvyEImw9b6KdQe528RP%2F%2F%2Fw%3D%3DsxHAGveMRPykY37uI2lzrL1%2FnBgSL6mKL6DzN2QH54kwbsBKbbjTB%2BBCjsLv6tz%2BjtTiCE1Don1cbuYV2R0GpCvLN8jpWjJHzDWPJ0ZvA5%2FieiSsfsgtm8edtdjlHUJHZ0vTVlXP61KdGiMjzfwWZlkgAn8lD2%2BxrgblrBqYwPdWug%2B9sjA7rHdeMLkY%2BwIMUH9J2IBuyzX11BjOUDWY3GjQZD6UDT51Dg8nNb9lI8fV%2BFLPJmN7kd5F0maTGsL0cSM4JbAE9yEjFVjJk5NBH8Kq24oN9Nynzv5tuIh7jPidD4P%2Bj2CVvS6QkrpszyaIoCuwrUM2Vi5bq9fxYHuPhKQd8ljUaNftTBHYfWJxI5Wx6WnZXu64Ws3OpWzvGTXoh5adVVOd36sZSkwU%2FrusCgnrN577y1Lus0zQsU3wYC3Qqrh11t6Gwif1RcR%2Byd7lcRcd%2B1iMq84hOD7Olqw7vxAvjwiuIVmVWpP5pRh7n9mwOrBnzQn1xhNb5a3I1hN2%2FuwP9L0j7YvHB2OKNn2rLcFh5umeSATQU0h8hV0hnvTD1CCxyGew8LtYGGXyzTdRmv4YGjJCSIW1IvBxXT1wG95Aa930xdVyf%2BFkIgukQWLJjtEEnHZo%2B%2FVuCJHvsmHjrDVCYCaeglF2rgr1u2OQIzQ%3D%3D&nvMid=29030376589&catId=50000248
Apple 아이폰 13 프로 128GB [LG U+],"632,000원",https://cr.shopping.naver.com/adcr.nhn?x=ytAKgFmKs%2FqpAkLxgjMceP%2F%2F%2Fw%3D%3DsLf%2BhzaMglwgv4n1%2FXe7jo8%2Bf%2B53JpkBxmD6iVz5UKGlWQE1WikGGRjsm7ORTamZ7rfnQF9m53DpBvui%2F7%2F3yAxxNWouS1oqkR54FdPBAqh0NVjHDod8jS6YswN2VTixq%2BOrINP8NXr%2Fhk8r43LJpXEPg%2F6PYJW9LpCSumzPJoiiI9aZyW4hhCgmcrsQhWGWGApy8PrPjYBxKiSuGBOs3i%2FKAXVfyDB1yTbVYYpYzcFnUHxlEatbmVq7jmztE%2FywsgCw1o6aALbZuzowalK8fjIJR6gV00gYoZaXd6deWodOAbCY81f975eS5nfR25FBiP83WAv8GAIoQ0MwLPWeb%2FXXueMdnQr3j%2BOyyllqqHtsVjQCpIk5kx4sJW2hrRfnKqwZ9aKCnp%2BOD2OzgCp1jz29RP4ckrtPsVw3BnEL5GUKZzZyDfGo1SQoYRvXGDzWdJDnYvpfz%2Bh%2BZ6wVz3KJUXov5TurvHzcmsFW4yXHzYi3pLKfV7lHXkGfYNhWiUOPtINRw1QNF%2FOPJXb5%2B358LYJn0y00eBjrvFXcry74HJYTvW2q1ZBpuV%2F%2FvtKUgTGHn%2Fw%2FyppiTU0IU5oKzpufohVpCAivO3qNyBvAx077YB5XHICEQpPL7Rm%2B2fyhjEhHR&nvMid=29030175590&catId=50000248
Apple 아이폰 13 미니 128GB [LG U+],"36,000원",https://cr.shopping.naver.com/adcr.nhn?x=uooYq7T6BmmrFMYTiViLqf%2F%2F%2Fw%3D%3Dsyu2PTRwy4vohPI5XiXHLP6tAz5eq59fbIlmghK4kx7phJz9H0Ub4KLvuVTVtNMxM7VCDTSEZBDQu9wiQHT5v5QxnWKVXU2XJfC2qsMuzEzmPfwMTNZBgl9dVE4xHzuceek6KSTgbX7E%2Fv1sUNM1iAsi30QtKP1mA7BYZPpxeJLexWvZfe2todmJfmpbNrXnq%2BhHtf9UPvVuecHCypfH0H7ix7jXt7MNVc9AIu4EfDZlNEwRr%2B3STfYHGn%2FB5b3e48SbSDFozcR%2B%2FSYY%2BZ0RyJHrUwYeHaLJTkQxo9RbM6zHDpmNu2Rs3tEPrV0ZTODsbWqyaFa2xLbpwGCJChqMDqknMyLKkWrhkz0GMqYQrXAI9Z0SeMqENQcl4GV2BeGrFwu4MT6sJGdDPz84qqx16D7FzrfWw9foYrFRnhEJrILEKdxpmR%2FOe9hARgxC56kTdfY6%2FHjXTWDbDzPbx50kyUctCCDv3O8qpgwhizJk%2FVqI%2BYS%2F%2BLHYOR26DZYLoloGYQbJE2qH6sAOiEA%2FCWTmW%2B%2FMFzJIIPDIksaB9HbH3aDjDamim%2BTkfHK2Nuua%2BC5jEzBHRH7tcb2wuHm%2B8VbAgaUhKPdW3NXL1TLS7v9TK%2FgFXc50eBITwugSNPH3Ok09sVpGw61BSdoQRvEGgfFlc5w%3D%3D&nvMid=29030431586&catId=50000248
Apple 아이폰 13 프로 256GB [LG U+],"761,800원",https://cr.shopping.naver.com/adcr.nhn?x=ZpJrMyDzGdSok%2BEZayyof%2F%2F%2F%2Fw%3D%3DsBOCVfUUs85cVMe0K2ib%2Fe90XqIuRjYHucEOMUdsO7xphJz9H0Ub4KLvuVTVtNMxMmq4ZR2N2oq3XzV97XirFoQxnWKVXU2XJfC2qsMuzEzmPfwMTNZBgl9dVE4xHzuceek6KSTgbX7E%2Fv1sUNM1iAsi30QtKP1mA7BYZPpxeJLexWvZfe2todmJfmpbNrXnqiHryMIa0vOlFa0dwxiKn27ix7jXt7MNVc9AIu4EfDZlNEwRr%2B3STfYHGn%2FB5b3e48SbSDFozcR%2B%2FSYY%2BZ0RyJHrUwYeHaLJTkQxo9RbM6zHDpmNu2Rs3tEPrV0ZTODsbWqyaFa2xLbpwGCJChqMDqnPMd1QM4BV1lacuspf4Go49Z0SeMqENQcl4GV2BeGrFwu4MT6sJGdDPz84qqx16D%2FTWErNuJ9M0ETtnDm1O%2Bi4KdxpmR%2FOe9hARgxC56kTdfY6%2FHjXTWDbDzPbx50kyUTAkMvI%2Fpcflw0nYEGgKP2xPJ5Cu9OOR3XG14JdkLoZkQbJE2qH6sAOiEA%2FCWTmW%2B0I8kfpWjEcSCqIf2SqxFwJsEtM%2BqO6qW3ikUb8Nyf6UHXM6QoIdfSaCxOhO1XoEhNKRHZzAVpBYX%2BNS2M77yK5WhZ3SMHTcLlpircdRzUgq1JIslBmdxaTx7xO1%2BPPoWw%3D%3D&nvMid=29030415586&catId=50000248
Apple 아이폰 13 128GB [LG U+],"389,000원",https://cr.shopping.naver.com/adcr.nhn?x=QD0i0DSrSYUPHDuPL4AbmP%2F%2F%2Fw%3D%3DsB9G4933jqcfDncB8Spkls3kvdDhRexm%2Fn07ljT6mdthhJz9H0Ub4KLvuVTVtNMxM06eMioJCNqhFiHFts6S7mQxnWKVXU2XJfC2qsMuzEzmPfwMTNZBgl9dVE4xHzuceek6KSTgbX7E%2Fv1sUNM1iAsi30QtKP1mA7BYZPpxeJLexWvZfe2todmJfmpbNrXnqYKFZZuluUMYgcwBfGEHeObix7jXt7MNVc9AIu4EfDZlNEwRr%2B3STfYHGn%2FB5b3e48SbSDFozcR%2B%2FSYY%2BZ0RyJHrUwYeHaLJTkQxo9RbM6zHDpmNu2Rs3tEPrV0ZTODsbWqyaFa2xLbpwGCJChqMDqv9UlIgM1MyU5vAks64Xa0U9Z0SeMqENQcl4GV2BeGrFwu4MT6sJGdDPz84qqx16D4vl5IjopFlnJrLQNezAUt8KdxpmR%2FOe9hARgxC56kTdfY6%2FHjXTWDbDzPbx50kyUdTrOFOzBTy0R0%2B9Qe69JyoOTnITeXUIiGAT3tHOc0GbTKo5CnlLrO%2BPacbML5XxEbBoUV9YmzaLRjtKAts1%2BaeIDf9TYDOC4LzgCehLsur5t6RsB6ORPHXJex%2BMckmmqSOXQT1b9oABs2Q231heH9GFbDf4gHI5rSMJU1BWcIOg&nvMid=29030372586&catId=50000248
Apple 아이폰 13 미니 512GB [LG U+],"417,800원",https://cr.shopping.naver.com/adcr.nhn?x=2XwpqUdvCGyCt9HQpO4zlv%2F%2F%2Fw%3D%3DsRjvAmDfUwIcaLysGu9ckZ%2FsjaL5oJSTLexT2TiprBcobsBKbbjTB%2BBCjsLv6tz%2BjfnMo9SSOv3yUbhKcFe8hlFAo1eIr3Ur3YQguis17PIeeiSsfsgtm8edtdjlHUJHZ0vTVlXP61KdGiMjzfwWZlkgAn8lD2%2BxrgblrBqYwPdWug%2B9sjA7rHdeMLkY%2BwIMUYN6xeMDoEaAupbc0zTGDWzQZD6UDT51Dg8nNb9lI8fV%2BFLPJmN7kd5F0maTGsL0cSM4JbAE9yEjFVjJk5NBH8Kq24oN9Nynzv5tuIh7jPidD4P%2Bj2CVvS6QkrpszyaIoCuwrUM2Vi5bq9fxYHuPhKbiWCT66wCjMHsw2GVBQYKHX8S1hKTifntMsxDvNEMuI5adVVOd36sZSkwU%2FrusCguBuUOiisUWrgEJf%2BM%2BBVOSD5Nr68hVNdNJQnD8kyTvgRcd%2B1iMq84hOD7Olqw7vxAvjwiuIVmVWpP5pRh7n9mxSFvmOnbZDuSNlZXHFOiPVuwP9L0j7YvHB2OKNn2rLcE8nEAEs3rKgXO9UwDbsT5c4HElC3vi2lBrl4eYm7F52v4YGjJCSIW1IvBxXT1wG9zMGEfVYEvhIdZBpINZPas9jtEEnHZo%2B%2FVuCJHvsmHjrDVCYCaeglF2rgr1u2OQIzQ%3D%3D&nvMid=29030419586&catId=50000248
Apple 아이폰 13 프로 맥스 256GB [LG U+],"959,600원",https://cr.shopping.naver.com/adcr.nhn?x=9XauZ8LRBXHWI1vUAQ56Cv%2F%2F%2Fw%3D%3Ds31frdLP65Cafq04ArRLS1GZpOnLDo2NeO1%2FuWSUUTUMbsBKbbjTB%2BBCjsLv6tz%2BjFH6cLOSvCylCUIIvSvReEe6T63eShEM0MniaUGem6iKeiSsfsgtm8edtdjlHUJHZ0vTVlXP61KdGiMjzfwWZlkgAn8lD2%2BxrgblrBqYwPdWug%2B9sjA7rHdeMLkY%2BwIMU0nYCIitiLlu%2FFmiEv68MvzQZD6UDT51Dg8nNb9lI8fV%2BFLPJmN7kd5F0maTGsL0cSM4JbAE9yEjFVjJk5NBH8Kq24oN9Nynzv5tuIh7jPidD4P%2Bj2CVvS6QkrpszyaIoCuwrUM2Vi5bq9fxYHuPhKYHrBl%2FeRtlWZIcPjMjKMCKYShz4vPmPKAyUlPJ%2B6NZ%2F5adVVOd36sZSkwU%2FrusCgoqqw%2B5rBVd6tPKAzTsXVJWD5Nr68hVNdNJQnD8kyTvgRcd%2B1iMq84hOD7Olqw7vxE%2FS734Z%2FTZmXm6tOkbefL2R7VFzZNPOsAPWlJTSi1RP%2BWGy5ca2oGmiEF%2BpCQwY%2FA%2BkJGYwmXDDU0eI3k5l%2BOW5yN1FNtkFXNwYJOw2v9cEDWrhHEcp0p%2F%2FKKziu53PdOwg%2BHfB%2Bt2FMKhFIdPRrku0oCph9WgMXM5xQ3amFh9hy1Vhq%2FH77x9Zlr1IFzyuow%3D%3D&nvMid=29030190586&catId=50000248
Apple 아이폰 13 프로 512GB [LG U+],"1,097,400원",https://cr.shopping.naver.com/adcr.nhn?x=i26OluNGO9Q5WXceirrP3%2F%2F%2F%2Fw%3D%3Ds2nUDXlpu9PQuKKaj7HugoOpNCh2OxbJurxYoa3kgXHwbsBKbbjTB%2BBCjsLv6tz%2BjpKM8BBW5zeMf2nEC8aG67%2B98kFHv0kjc2ns2%2FkPPxpqeiSsfsgtm8edtdjlHUJHZ0vTVlXP61KdGiMjzfwWZlkgAn8lD2%2BxrgblrBqYwPdWug%2B9sjA7rHdeMLkY%2BwIMUmRDWhNotjbnuwU%2BcfNUqnjQZD6UDT51Dg8nNb9lI8fV%2BFLPJmN7kd5F0maTGsL0cSM4JbAE9yEjFVjJk5NBH8Kq24oN9Nynzv5tuIh7jPidD4P%2Bj2CVvS6QkrpszyaIoCuwrUM2Vi5bq9fxYHuPhKe%2BbekWdz%2FcXFJmGnw4sv6%2FnEP3GYrY2pp57gJAjUm9t5adVVOd36sZSkwU%2FrusCgnIEHm%2BT2T6Vv9FbR%2FxspbaD5Nr68hVNdNJQnD8kyTvgRcd%2B1iMq84hOD7Olqw7vxE%2FS734Z%2FTZmXm6tOkbefL1SFvmOnbZDuSNlZXHFOiPVuwP9L0j7YvHB2OKNn2rLcGK2%2Fwz8ElH7ShZNqAaeJO9oI7o2V6upQXsTracXbxWq%2BgtF15PMkmjkNDmi88yMRfNIldeNSjHHqVAeEYWSGf%2F0UbNk5di1V8jUMbmtHii%2FBq7h9PA5SrIXrcWPClBGWw%3D%3D&nvMid=29030295586&catId=50000248
Apple 아이폰 13 프로 맥스 128GB [LG U+],"818,100원",https://cr.shopping.naver.com/adcr.nhn?x=jUouu5XcdFVLQKrNeSzvTP%2F%2F%2Fw%3D%3DsGn1J1GDS%2BmV6qD5ARprvqw1qmYSnMO2uQPH9%2Bx9L11NWQE1WikGGRjsm7ORTamZ7r4UROpsqxqqxMvflKiCwbxxNWouS1oqkR54FdPBAqh0NVjHDod8jS6YswN2VTixq%2BOrINP8NXr%2Fhk8r43LJpXEPg%2F6PYJW9LpCSumzPJoiiI9aZyW4hhCgmcrsQhWGWGxThvsaGr%2Fa3dcgYtXiYoe%2FKAXVfyDB1yTbVYYpYzcFnUHxlEatbmVq7jmztE%2FywsgCw1o6aALbZuzowalK8fjIJR6gV00gYoZaXd6deWodOAbCY81f975eS5nfR25FBiP83WAv8GAIoQ0MwLPWeb%2FVkXwVVMphEo%2FvTDOW7VEIwVjQCpIk5kx4sJW2hrRfnKqwZ9aKCnp%2BOD2OzgCp1jz5%2FkNvLRmoqSylEA1IFQlxqZzZyDfGo1SQoYRvXGDzWdJDnYvpfz%2Bh%2BZ6wVz3KJUXsds9B%2BMUzAQtFYI3wiD8cYj3vMZqXtQIE3PxEMRuDlN8jR8gVF8FlQ9pItE8Zzc8sM83sL%2Bx9itWxVNuowU47Bf9Jb8oXl0wIB5gsIDQmWg%2BgtF15PMkmjkNDmi88yMRf6iOS%2FqGpDtpvaIMv4v%2BrxjtEEnHZo%2B%2FVuCJHvsmHjrDVCYCaeglF2rgr1u2OQIzQ%3D%3D&nvMid=29030352586&catId=50000248
Apple 아이폰 13 256GB [LG U+],"502,000원",https://cr.shopping.naver.com/adcr.nhn?x=oBP4%2BHF1W2KKw9%2BiuAPt2v%2F%2F%2Fw%3D%3DsYbLkiNorHEmSxxU396VIzsIDq%2Flf0PP%2FNatEkw1SyWcXfmlaZeQqomjdtI9e3qsmUs0IHU%2FFcuBz7FUBLpq87Ee%2BPYvkEQahrPuSHucVwn0iOCfAj4hefVSVyfVSfNa3St0PaARE8cIZDRrCZEmhYMOmY27ZGze0Q%2BtXRlM4OxtFSICBvI1ATDFN58yC%2Fe2xmx3D2%2Fgn28ozlfKbjgsdg8dAmfSN83ChOoIPfneWzCavS7fnn7TEzbGYEdK0StlzeIpE90XKNImdkpad1wWBY1g7gCbqmWxpcdI7rnSPXIU%2Fa18qhDQ1A%2FKJp3fgBDor391W%2FC1w5SVs2sYtTdFSevU1n3HwgXdnLFIGikh1K1TUQvs8GHq%2Bj7OvUNvyviyxeoI3z%2BL14z9v%2Fx%2BL9Zw%2FKvY0uZGkTWqdM%2FJDVW%2BgcesEdLuJh13gFOuABI1Cabywr1zQ3TaGfkdsxOv%2Bp53WSg6sGfNCfXGE1vlrcjWE3b%2B7A%2F0vSPti8cHY4o2fastwbv4ZUnDgFIiBsOSab73%2BZ4tvKC7H1QOtXLeS23VdT2a%2FhgaMkJIhbUi8HFdPXAb3L6n3SaaZ7Yy4JyYG0g1hUWO0QScdmj79W4Ike%2ByYeOsNUJgJp6CUXauCvW7Y5AjN&nvMid=29030189588&catId=50000248
Apple 아이폰 13 512GB [LG U+],"839,000원",https://cr.shopping.naver.com/adcr.nhn?x=FaiPZhIGty7gZespdyzK3f%2F%2F%2Fw%3D%3DspsWWul8PdVnQms3quoaNfReddPDX%2BffhqEiSGmmvRp9hJz9H0Ub4KLvuVTVtNMxMs%2FO9qZZrte6yc%2F1Pnj6ZjQxnWKVXU2XJfC2qsMuzEzmPfwMTNZBgl9dVE4xHzuceek6KSTgbX7E%2Fv1sUNM1iAsi30QtKP1mA7BYZPpxeJLexWvZfe2todmJfmpbNrXnqJg934XoEkbAciqCMIan0C7ix7jXt7MNVc9AIu4EfDZlNEwRr%2B3STfYHGn%2FB5b3e48SbSDFozcR%2B%2FSYY%2BZ0RyJHrUwYeHaLJTkQxo9RbM6zHDpmNu2Rs3tEPrV0ZTODsbWqyaFa2xLbpwGCJChqMDqk5vXmHZAst2kQnS6QNCpMc9Z0SeMqENQcl4GV2BeGrFwu4MT6sJGdDPz84qqx16DyXx2CHMt3N9MJvCYgJNI64KdxpmR%2FOe9hARgxC56kTdfY6%2FHjXTWDbDzPbx50kyUeUXa2YYIrHCPbTlWFTTxsAOTnITeXUIiGAT3tHOc0GbTKo5CnlLrO%2BPacbML5XxEW8TkiR441zQ0THILq7yWEiIDf9TYDOC4LzgCehLsur5PYZ5mO7s1Ly6bub8nqsOblNwx2BQQ13TrAkZKtf6o%2BOFbDf4gHI5rSMJU1BWcIOg&nvMid=29030296586&catId=50000248
Apple 아이폰 13 프로 맥스 512GB [LG U+],"1,321,000원",https://cr.shopping.naver.com/adcr.nhn?x=ArInm1fogsH5rp3q1CI93P%2F%2F%2Fw%3D%3Dsd1EFEGUz8NHlRCqD8v0SOHpLUEzh6S0CaoBb2MQTAmthJz9H0Ub4KLvuVTVtNMxMPGX1zr7gMMPpnnGNUz7D1wxnWKVXU2XJfC2qsMuzEzmPfwMTNZBgl9dVE4xHzuceek6KSTgbX7E%2Fv1sUNM1iAsi30QtKP1mA7BYZPpxeJLexWvZfe2todmJfmpbNrXnqC8G1K0WqC%2BMx%2Bsb%2BJ3EYX7ix7jXt7MNVc9AIu4EfDZlNEwRr%2B3STfYHGn%2FB5b3e48SbSDFozcR%2B%2FSYY%2BZ0RyJHrUwYeHaLJTkQxo9RbM6zHDpmNu2Rs3tEPrV0ZTODsbWqyaFa2xLbpwGCJChqMDqgvGC9MIPYWNYj%2F%2BMvsaj5E9Z0SeMqENQcl4GV2BeGrFwu4MT6sJGdDPz84qqx16D3KbGQPiUHE6CoSRQkRutMcKdxpmR%2FOe9hARgxC56kTdfY6%2FHjXTWDbDzPbx50kyUd5TwUlrPPAA7xkROGh7c%2FI%2Fjl5RTTG9J76ewxlkB2Tqocw36emOWauNlqG7SEpRs0sZ%2FFof9Fvo4Q%2B9cWSMUxWZOOUeZoIK4dyq3MgQXX%2FcYnHIcETcJifOE8sb44IMxROeE3uO5E4WAyMvw3ovTyst3qCj6ADI5VPULSpTPFMwgqgOvq6z5EpEI5N2xav1Mg%3D%3D&nvMid=29030181590&catId=50000248
Apple 아이폰 13 프로 맥스 1TB [LG U+],"1,580,200원",https://cr.shopping.naver.com/adcr.nhn?x=JvdFm0kmA1JMmVsI%2BjZS9%2F%2F%2F%2Fw%3D%3DsEGgiD7Hs%2Bryg%2BD8SLczb4R3R5axszVw0I4zMHzJUqXFWQE1WikGGRjsm7ORTamZ7I2Av97rwMRtTlU1j5LyD2RxNWouS1oqkR54FdPBAqh0NVjHDod8jS6YswN2VTixq%2BOrINP8NXr%2Fhk8r43LJpXEPg%2F6PYJW9LpCSumzPJoiiI9aZyW4hhCgmcrsQhWGWGdFf8cZ5fx6bhUbyduD1LEPKAXVfyDB1yTbVYYpYzcFnUHxlEatbmVq7jmztE%2FywsgCw1o6aALbZuzowalK8fjIJR6gV00gYoZaXd6deWodOAbCY81f975eS5nfR25FBiP83WAv8GAIoQ0MwLPWeb%2FVclKMBeihadKx1nLwg8hj0VjQCpIk5kx4sJW2hrRfnKqwZ9aKCnp%2BOD2OzgCp1jzytMDMstb%2F4o9eLVG4BGc4uZzZyDfGo1SQoYRvXGDzWdJDnYvpfz%2Bh%2BZ6wVz3KJUXsds9B%2BMUzAQtFYI3wiD8cacEKdPUOJCEhYJKGZyJwgLXGfKYExq7uG4FGIUYcPNsX%2F6dtwUEyJTKm7inwGX%2Bddx4MqTqQ6OV8atjX6z6mTov4YGjJCSIW1IvBxXT1wG94pJ6f2LggOaVB5GFu81QwxjtEEnHZo%2B%2FVuCJHvsmHjrDVCYCaeglF2rgr1u2OQIzQ%3D%3D&nvMid=29030181587&catId=50000248
Apple 아이폰 13 프로 1TB [LG U+],"1,426,200원",https://cr.shopping.naver.com/adcr.nhn?x=jDyG6aSRuZ%2F5qtJB8lwlFf%2F%2F%2Fw%3D%3DsN5TF5FKCt05N5elTFZFGcQhVoHPaSbVTrO0pqawcLhdhJz9H0Ub4KLvuVTVtNMxMPsmRxtfRrsRhQx3IMNfBcwxnWKVXU2XJfC2qsMuzEzmPfwMTNZBgl9dVE4xHzuceek6KSTgbX7E%2Fv1sUNM1iAsi30QtKP1mA7BYZPpxeJLexWvZfe2todmJfmpbNrXnqXjTaYLCBU0RKnrlIKcfhorix7jXt7MNVc9AIu4EfDZlNEwRr%2B3STfYHGn%2FB5b3e48SbSDFozcR%2B%2FSYY%2BZ0RyJHrUwYeHaLJTkQxo9RbM6zHDpmNu2Rs3tEPrV0ZTODsbWqyaFa2xLbpwGCJChqMDqkLHFdWG%2BZZkW3BhO44PGBY9Z0SeMqENQcl4GV2BeGrFwu4MT6sJGdDPz84qqx16D1erT3qRIV%2BLaCnOeFqzgoYKdxpmR%2FOe9hARgxC56kTdfY6%2FHjXTWDbDzPbx50kyUa%2BYPDMD9m7la%2BI9awrbzM7%2FzaVgfXndF2fkBs0qzZTvfpF8bfclcJjAeddKIqLqoO%2BL4nYoYTAYgwT1bI50lZw5chMN%2BIA7kxll6nAF1aD12cF1cujtD%2FQF7IKWC%2BQIfrR9o%2Ffpjm%2By78gI6cuuvgxXc50eBITwugSNPH3Ok09sVpGw61BSdoQRvEGgfFlc5w%3D%3D&nvMid=29030294586&catId=50000248
Apple 아이폰 13 자급제 핑크 256GB,"1,168,500원",https://cr.shopping.naver.com/adcr.nhn?x=7etl9F%2FWGFPoD08CR6IAFv%2F%2F%2Fw%3D%3DsjVR%2F%2FdVxVx%2BFODPRAnNgArnGbJSbn3OVJGgpPM5ybwAXfmlaZeQqomjdtI9e3qsm3wAdqRsjon%2BfGxhPLk9zCUe%2BPYvkEQahrPuSHucVwn0iOCfAj4hefVSVyfVSfNa3pDO3srrXt9VKI9INbJXeD8FHZ6YjirkEyx0YsOhRCZckyuYW9oo962E4ptNomafyXZKFBRaDzCdwBv8PKcQ%2FEO4jhB7%2Fdw2WgWZlPgC%2BxZGzZyKpHgm%2FisriX8Dpdud%2FOi74eZTkfzzhXASIe7usyJ1ZRe9lPLZ94n1RoxAMggziEAbUK2GD2wJcy6ITzMifouP69Jc9aEpPQFvKsxbFL6Tq%2FbD2MGowZHhNOyBhpCeUgj7JhipZW7dJJfFyMQl0%2FVOWYjAvguRradBLB4gUYt%2FlNGbh5uR6pHnnFMwKlaNLqcqiq26vqIZKGrP1ToVugZbAim90ET%2B7Zl7cNt%2F7TJwQPibd4OA%2Fd68Roc91pAQoBFgnLxGjm%2FQYG7ymD9gC24LuP3OBLu92jkguWS9FU%2F%2FpN%2FA5Tuwclot884e5GT6ZdEqavpyCLNcOx1y6KWNRocUy9WjWPqz0%2FDeBYsmU6nwJeXbnU6mZaLN%2BXPYoRZwHXxO%2BikX9nsN8LPMk8sPDgc0ORDa3F0hrGg0vJhCbWs2OqH9l6YII5ugOGfB4CYY%3D&nvMid=29064755783&catId=50001519
APLLE 아이폰13 미니 128GB 미개통 미개봉 새상품,"725,690원",https://cr.shopping.naver.com/adcr.nhn?x=aTqbnfMLhsxHtLVfoyi9lf%2F%2F%2Fw%3D%3Dsr56nz%2FkVljmxzNoSOtm0LIZLvhj1cOAeAYC3UumnSn9hJz9H0Ub4KLvuVTVtNMxMYjqNiUtBkDCOGwtlAHASwQxnWKVXU2XJfC2qsMuzEzmPfwMTNZBgl9dVE4xHzuce4po0aRdjXfkGtqKBcTDp7O0JZ4vKXq2xVuFay0gNbwiO%2FsdgQE5FIA0Tw1QMogpF2%2BMoVCCsVKy2QhO%2Forh%2FzejbkKjGoc08jvmzOp6ZUI%2B08j0WGrB9mhdyX3kWjBOZM8OkYitpuK2na6nToNpF%2BLngnxQ7ssMZd09T0OjyjIxearTBvydD1LUI3JWpCADIwB4lgUDJiptSDT1i%2F6aceq8Z9xYKAeeXusGxMgRxJ0RG5oNHYusRcUPC9Om1jnCRw6NzklBzzRfS9v6rahE2LEQpbEKB26vEFYoUVEN2HQgxnxE623vf3bJ3JQYDVdZQelA0wRfdVk%2ByBrTG7mtBu9xPuXLEzn9RKdZ0ccbjEyhJ5I%2F0WJpz%2BikM6D7MA9%2FT5AyJApnTc8YMbU3AcfxP6AsfmbSTtQcOaY39dLjVMDAaIbT4wPT2RVq4kndhIVrUxqY6VkIfG%2B0f%2FrJ%2F%2FNS00cZKrR2FtDzzKdDFx76Pcm%2FLVWGr8fvvH1mWvUgXPK6j&nvMid=29003990842&catId=50001519
아이폰 Apple 아이폰13 미니 128GB 구매가 24만원,"246,000원",https://cr.shopping.naver.com/adcr.nhn?x=gVG7ovC0kRR2ksnDwn9mTv%2F%2F%2Fw%3D%3DsNGBMmnW2lODUo4y8YFOz8izZaRRc6HVCisDRArMVLNphJz9H0Ub4KLvuVTVtNMxMAEUzDH6NpphC4PP%2F6jhhQAxnWKVXU2XJfC2qsMuzEzmPfwMTNZBgl9dVE4xHzuce4po0aRdjXfkGtqKBcTDp7IfsjsQob2Ne0L7w9JaI7kin0b%2F5UhxhZOSwwPJ7NL%2FBq%2BwCWpxKyY5gBvXUiP0NE%2BTcA8V81P1yKIHIPU9J8CCjXCoyNrGE%2FJm8dG%2Fb8DhcyLfRC0o%2FWYDsFhk%2BnF4ktzVCZ4rdk8hPModxsSdH4jwde8A0RDI8UuKwxxXUs3xjZbp4eOAbDdIKZeG2xtoUwQxuHr8vjNd4%2BuFGDp4U8hkOJbON%2BDmzxL96ZL6Hqchyxv197fyjYSyXFrroWYEUdpaDbfIQggxCue0co08%2FWZJvMW5uM5I8j3vtyumeFnfJKcovKWBTs3kHEoxtl%2By8BnVonn5ECp%2F2epsjBZKVrV8pxrllXbNtqCepGd2%2BUAAzrANn%2Bx11xAoqVWr7h6PEgeYQsU7TtARBhTKL6TvT1FNuqEwVLh6nhSCZFWJXGPRpPtVBj8PhToCien5MIdvrlwN%2BQsjK6V0FLd%2Fybx7qcubNSE3OzZUT76KyqzckASmm&nvMid=29860284145&catId=50001519
Apple 아이폰 13 mini 자급제 256GB 핑크,"1,035,500원",https://cr.shopping.naver.com/adcr.nhn?x=koaMbfJvA57JyVf9SbsiRv%2F%2F%2Fw%3D%3DsuHyggp9EgyfkznZhWIdfwwyGF2LmLNQcX91dlyLv4fthJz9H0Ub4KLvuVTVtNMxMOI%2FOUiVASMxtNpmLdRHH2wxnWKVXU2XJfC2qsMuzEzmPfwMTNZBgl9dVE4xHzuceek6KSTgbX7E%2Fv1sUNM1iAm3JzeXxkSdTecfUR4%2FvRQjd%2BKwjnmE8nmku4yNhWgwhmfLAARyRl0caaiEG3Q2bq9D4xCf1yKuZGZlWoMqRNxTp2ELNkX%2BvBMqEEJUG%2FxZYQnhwNsmOtDpWoXU74lX43aK5uUEs%2BqMGnIyvfnClDLAOCXRP1kxzX4wDaehyRxK7U7FtrBL3TjclB4PgCIblIlVd6Z%2BmZ5fvTALbBBPmfKLmnGLANk9TjQtjOEdf9xG%2FkH5JIjy1JyYPIbx3QZOEgYUGqVixlRawlOfNP3JaNpcr3wpohlrhUETRXnCpgZJOxUbOWfPUk6Jbg%2FDskEJmCIwefsEME1qpc2agpsB5My9rjZ2xmQBbSTpS2KGtxtV56niELDA3yv%2FR7vz6ys1pMviH1f6HQ2A37mYjrONWk3RdnvoolkKVNouiKxvFitIQqzqaVK0t3Pa4KE57hclHT4bT4MYhulwXmi2lrJ6BaoKGAv2xA9xguVkCJJpofd3uyBL5pZbvxChLSX3rKhRMYMpB51%2FF9J%2Fl8emb6eYg%2BpiCqA6%2BrrPkSkQjk3bFq%2FUy&nvMid=29064819083&catId=50001519
아이폰 13 자급제 128GB 핑크 MLPH3KH/A,"1,046,727원",https://cr.shopping.naver.com/adcr.nhn?x=opK3%2FytHU0CN5g4SduidE%2F%2F%2F%2Fw%3D%3Dstft7tmAXv3jE3kRAS6TEjNWcjAmNwH8rgZhIr1jEui9hJz9H0Ub4KLvuVTVtNMxMsPIWOGstwFXKQN0%2BECbcgwxnWKVXU2XJfC2qsMuzEzmPfwMTNZBgl9dVE4xHzuce4po0aRdjXfkGtqKBcTDp7CTGCD9Vz5n4ms8MDGQoS0OXy0ZyPizqqSo9HPLc4z9c4hc4ZJ3NkiIjCIDc210DIW5y7SRxszUEnl9A8PZ9w2WorYoLP33X0ay3h2id35cpW0W7fEggyYTMgSGtXVNQKgVQzaAbpJwTqZxjtgmN2JgjPmxBkFFYdxXmK2Sc35MhhmeWtJmvw8M90EK%2Bzy5a1yVdN3LpKf%2FbKuiZi7z1XJTfLthO7Fpei%2FUGVEOiOHeMuxzhFQpTteu0O3gKI4TVjH%2BUucnAxrsG3xHb9QOpCsJTWNgH5SgeGCXo4iyptAirrEkkLYqoAQ2Md2QSJjT%2BW%2B0fDzkeyJ6VkbPpjAtUYZ7LXsojaUJJ6ZWQx3KhiNev2X1gKuzWtr1auHVD4qeXDdVJxRu%2BcsTgWMu4k6E0YlJJttuvmYTBVFdwwHNL6XoCueThSC0uLo%2B222s2mL2w7MvTtug4vCjEvohqOyQz59nihBLaY7Cdi8g9KmJU8nEGZsCDWYju5LZIEyNMIvIyLGhopkeKUdu5q4dSKA0zkoA%3D&nvMid=29609866919&catId=50001519
Apple 아이폰 13 Pro 자급제 512GB 시에라 블루,"1,636,800원",https://cr.shopping.naver.com/adcr.nhn?x=QziLxmBG7fwWeWewNMTk8f%2F%2F%2Fw%3D%3DsaHgfUeo0znIM5CewHwIeskQH05y%2B5d6WWUAp38WdkqJhJz9H0Ub4KLvuVTVtNMxMFenCVdEHuV0bnjnUzl3Q4gxnWKVXU2XJfC2qsMuzEzmPfwMTNZBgl9dVE4xHzuceek6KSTgbX7E%2Fv1sUNM1iAm3JzeXxkSdTecfUR4%2FvRQjd%2BKwjnmE8nmku4yNhWgwhmfLAARyRl0caaiEG3Q2bq388zh24s915aMpp%2Bzw2FU1Gz%2B1Slt0aDTYw2N2OGqyhGpvn1uSh1atMI9LGMTV7o6K5uUEs%2BqMGnIyvfnClDLDlaMVUxxB%2FCUOQv6y1LlH%2BU7FtrBL3TjclB4PgCIblIlVd6Z%2BmZ5fvTALbBBPmfKLmnGLANk9TjQtjOEdf9xG%2F4TPE94ZZ3JbG%2FsFM9W6D7YUGqVixlRawlOfNP3JaNpcr3wpohlrhUETRXnCpgZJOyvqNfoFsns07%2B8T9pmdGmIwefsEME1qpc2agpsB5My9rjZ2xmQBbSTpS2KGtxtV54bp%2FLT85husBB%2B0nzDelJMnCPKHWEPXdxTVFqP2xFGNwB9fmaBRuTIlerEDIbwhY0zZNqdkHoDc4prBr0jboEk4%2FZoNr017EGo6cpBMmqFOr7VAb36ErED7xDOmVlGU60eKkrVKaAu3wpTxIEKRdnaSaXlzgtQcfLg4Ez2KHGHZWhZ3SMHTcLlpircdRzUgq1JIslBmdxaTx7xO1%2BPPoWw%3D%3D&nvMid=29060734140&catId=50001519
애플 아이폰13 미니 128GB 자급제 미개봉 새상품,"691,510원",https://cr.shopping.naver.com/adcr.nhn?x=WaPNR2%2BKOw3hY4HWtJJot%2F%2F%2F%2Fw%3D%3Dsf897ADyBycWiiKBTxO%2FUCO0PDC9So6%2FVw96nNMeqUcJWQE1WikGGRjsm7ORTamZ7NkCDv%2BM99dajYl6IcOC81RxNWouS1oqkR54FdPBAqh0NVjHDod8jS6YswN2VTixqADOmsdpj9X5jZOYruxGXxSzztiNeGgmURYtyCzXs5b3GtJVeEi2dNTUnXcDmpA%2B5A36x%2FYOpFJhlWKAHPTF5yISVjh8bpcV7MhPDs%2FE6F83thhQB3C2a5P1EE2CcPSUQbynxoBdZv2ocKjTHzk7ENbdEBDWBVw0RlzrN2KxzOREkx63w5Tb7Pcz2gZr1HMMsxdlc40FtbCK5d3jVrzfwuVg7gCbqmWxpcdI7rnSPXIU%2Fa18qhDQ1A%2FKJp3fgBDor391W%2FC1w5SVs2sYtTdFSelzaoBn9jB9MBf2US%2FaA7A%2BEK2NvEM%2FWRC3BknrwO3ABYYyQomAOCRwvaXv4BU13v9Mdac%2BR5H6kDQun%2F9X%2Bptj3jZy8j83hl%2FBESvnOERYxb7Jt0nmOjdaPmX88zpnowlxrrfuoBkJ%2FrwiFicuYAZ9g3o4GfMAo9UOO9Mwz0MbG3MWsvX7g03E2ehQuOqzPOWzpXOopBYb7qNRjAmS64FaWyPw7i9xBAxx42kVY9M4Cq%2B1QG9%2BhKxA%2B8QzplZRlOnJedXqs0LleJX7UgSdn8ro61HZsvq9MN7w9hTO8PGloVoWd0jB03C5aYq3HUc1IKtSSLJQZncWk8e8Ttfjz6Fs%3D&nvMid=30642506600&catId=50001519
아이폰 Apple 아이폰13 미니 256GB 구매가 37만원,"378,000원",https://cr.shopping.naver.com/adcr.nhn?x=wWDzeX4XHmNID7GYYdz7sv%2F%2F%2Fw%3D%3DsOC4yxvE4v5K%2Fby6%2FNuHtSyFOQ0OAI4aRXQ93DRoEWKtWQE1WikGGRjsm7ORTamZ7F5LBHI6lCH%2FYQ5DX9pjLKRxNWouS1oqkR54FdPBAqh0NVjHDod8jS6YswN2VTixqgBzpOJ5M5q5IJ6EnhqtTSMj%2FdcXeK4zHpuWdvA8cmNSWtcgxh%2FsOYl4JgAkU%2F9XhcOm4UoSDQKtQs0uez7oCAGwz4HvOeOXNGisECu%2FbFJOHW6p8pdKlRMT1SF6zy09Xk8cc59m1BOeio2g4sehygElvgP7JMR9%2BQ1UIGYrCuchY2MpU1lbAH36c6GIlDyxOSACfyUPb7GuBuWsGpjA91YrHsbeStsmJBfOvK7DA6omxnW%2FeLw2akinUs64eOQTF4tGLgulYyQ4TpEQZhGWTxAxuHr8vjNd4%2BuFGDp4U8hlH6HVGNGNiwHIR2CvumRBW3XChkvCt7%2FRzot8LxdC85paDbfIQggxCue0co08%2FWZJvMW5uM5I8j3vtyumeFnfJEwIi0nvlTmzoj59V0XXknC7LOEWhsIy95iJWt6TlI1xcAcm60nHKuPgQ8vZOMj0CThXukGt5xUsgU5ilBx%2FFLeYQsU7TtARBhTKL6TvT1FM1BV5sjFs3FgCzc%2FJ3GbL7SLXGkDtfc8y6zsBc%2BvCQPW9TZjqEQTAbFzUBl8432wvhVEAf6wwM5tqtSh0bB5Hx&nvMid=29860859288&catId=50001519
Apple 아이폰 13 자급제 레드 512GB,"1,425,000원",https://cr.shopping.naver.com/adcr.nhn?x=h1V2xAPzB11KAy%2Ft9kHq5v%2F%2F%2Fw%3D%3DsQB8hXxvzlVI2t82mu4EVRAQaGc%2FHQ5zimSVUPZRnnG5hJz9H0Ub4KLvuVTVtNMxMeS0v%2BLUGK0GUPAHaaFHa1QxnWKVXU2XJfC2qsMuzEzmPfwMTNZBgl9dVE4xHzuceek6KSTgbX7E%2Fv1sUNM1iAm3JzeXxkSdTecfUR4%2FvRQjd%2BKwjnmE8nmku4yNhWgwhmfLAARyRl0caaiEG3Q2bqyz6dcaQz9e%2ByYAHgK2%2BPMp%2B3jV7JboRsadZ0ZyQfjxh8PCz7bmLSIXC6pPOTZmCdqK5uUEs%2BqMGnIyvfnClDLDxS88ZRf2RgqZnlNtXCOtXU7FtrBL3TjclB4PgCIblIlVd6Z%2BmZ5fvTALbBBPmfKLmnGLANk9TjQtjOEdf9xG%2FMmklE4UVFgA9rPyo6tlWjYUGqVixlRawlOfNP3JaNpcr3wpohlrhUETRXnCpgZJO0HKc%2BZfta%2F%2FoQtG7JTOJJowefsEME1qpc2agpsB5My9rjZ2xmQBbSTpS2KGtxtV5uz8lycbYCe1nPwEcbo6lnlSRYc8BjD14pSGWziEUwaEGQ9gw9OBCYzxYVU2NTWOFEwHK%2BD39qQvhsRWHYPKUSLk9yx2LE4ozzid%2FD5TsgrqHIAzTo5QFgQMZjw8k%2BClTZ%2FfHtv62nm5G%2BemDfCEmf%2FOnrjhZamMRlt8bZs%2B%2BsbENUJgJp6CUXauCvW7Y5AjN&nvMid=30625061448&catId=50001519
Apple 아이폰 13 Pro Max 자급제 시에라 블루 128GB,"1,445,300원",https://cr.shopping.naver.com/adcr.nhn?x=b3bnUV9fa1bgyedGP7ITE%2F%2F%2F%2Fw%3D%3DsD8OjFSsuXa8qgBtQcZPW5AnaWxOuaCL%2FQwwPcnIaxRdhJz9H0Ub4KLvuVTVtNMxMQ6GzRmgQG%2BoVtz5jyxTJ1QxnWKVXU2XJfC2qsMuzEzmPfwMTNZBgl9dVE4xHzuceek6KSTgbX7E%2Fv1sUNM1iAm3JzeXxkSdTecfUR4%2FvRQjd%2BKwjnmE8nmku4yNhWgwhmfLAARyRl0caaiEG3Q2bq8qTzqn6P1DP1IgJ5KU6NARal9%2F601cNiTnGHlE6UAOkiRR8Zhnm1QMGP9u8CBjwDaK5uUEs%2BqMGnIyvfnClDLDcNaOzhd4PWVbYoXZrRyULU7FtrBL3TjclB4PgCIblIlVd6Z%2BmZ5fvTALbBBPmfKLmnGLANk9TjQtjOEdf9xG%2FkF%2FLceURiFT5qdsFHs0JuoUGqVixlRawlOfNP3JaNpcr3wpohlrhUETRXnCpgZJOrpZxKB5%2FDrEESimsNSB6cYwefsEME1qpc2agpsB5My9rjZ2xmQBbSTpS2KGtxtV5%2BWgfrfroNvzHWX4Eg3iJVhcmH6dyHi3Hr0p7J5IAhyOrGR18zWgUrcmM0pWUXRPydTMfBRHHl%2BACi0MHpr%2BIH5NNKhFlpnkGLmVTQUhqvXzGxp2gxrUxAKx96HcYJLE40XCUWOIxU6C9TWwWEayUIp7sWPsGAW7vS2D7w%2FtZf5gJC3DrSeqFP3s%2FWdpxjmZ0Bq7h9PA5SrIXrcWPClBGWw%3D%3D&nvMid=30797875281&catId=50001519
Apple 아이폰 13 자급제 미드나이트 128GB,"1,035,500원",https://cr.shopping.naver.com/adcr.nhn?x=lhEnTj7Pv3072AxB4OvliP%2F%2F%2Fw%3D%3Ds6nIOygSuo5jGAZ7I7hUGiQa9VM0lWRCt5rqYCUVwLL9hJz9H0Ub4KLvuVTVtNMxMAcu%2F6mGPncySbWPx50CC3gxnWKVXU2XJfC2qsMuzEzmPfwMTNZBgl9dVE4xHzuceek6KSTgbX7E%2Fv1sUNM1iAm3JzeXxkSdTecfUR4%2FvRQjd%2BKwjnmE8nmku4yNhWgwhmfLAARyRl0caaiEG3Q2bqyz6dcaQz9e%2ByYAHgK2%2BPMpreeRb%2BXbjVwdVaNHdj7gxwg14MxPlq0emfDUgKhktmaK5uUEs%2BqMGnIyvfnClDLAiYZheh9hRXrh3bHcnRVNcU7FtrBL3TjclB4PgCIblIlVd6Z%2BmZ5fvTALbBBPmfKLmnGLANk9TjQtjOEdf9xG%2FpLu1PpzhuJ4roywuLXd8M4UGqVixlRawlOfNP3JaNpcr3wpohlrhUETRXnCpgZJOmabwyfKaj5NOwP8vv6bKuYwefsEME1qpc2agpsB5My9rjZ2xmQBbSTpS2KGtxtV5KFkoopOAic8n5pJNzXWvhdo1%2F9KxrQ6cUO95gD7XOZ6WIhmhCJtQEo8tiNX1gtbWiDMMj4Y93QKq0hrsIdb90%2BWnmfyFBkTcLJFtQ7vlei7L07boOLwoxL6IajskM%2BfZwUPb%2Bh1oIZzdSrUOlCPcRPguXvco6WXkkX6Whh%2BlHvTLVWGr8fvvH1mWvUgXPK6j&nvMid=29056433547&catId=50001519
Apple 아이폰 13 Pro 자급제 1024GB 그래파이트,"1,887,900원",https://cr.shopping.naver.com/adcr.nhn?x=oo7SNNDAP7FxAtKBEL9xgv%2F%2F%2Fw%3D%3Dsv5ydyG1T5TZ5AfvR1FN1u071HTHyo95KB5NcVlv6HwdhJz9H0Ub4KLvuVTVtNMxMBWMMUfeDYwmSgxg2G0DcvgxnWKVXU2XJfC2qsMuzEzmPfwMTNZBgl9dVE4xHzuceek6KSTgbX7E%2Fv1sUNM1iAm3JzeXxkSdTecfUR4%2FvRQjd%2BKwjnmE8nmku4yNhWgwhmfLAARyRl0caaiEG3Q2bq388zh24s915aMpp%2Bzw2FU1TXYz0WDbd1o1jD0H1jL5wbVsnU3X5cXVqLe9FA7%2FW76K5uUEs%2BqMGnIyvfnClDLAb%2FenNNS6PKbUqdM1jTcntU7FtrBL3TjclB4PgCIblIlVd6Z%2BmZ5fvTALbBBPmfKLmnGLANk9TjQtjOEdf9xG%2FLSB%2B%2FqXFcWeSdynrWNiefoUGqVixlRawlOfNP3JaNpcr3wpohlrhUETRXnCpgZJO6qFOrhLeU4J7MFuzLVaPOIwefsEME1qpc2agpsB5My9rjZ2xmQBbSTpS2KGtxtV54bp%2FLT85husBB%2B0nzDelJL9DmP84%2FCmfTEMcIefzMd50n49Gys%2Fh6sC7Vk2NbRZS0zZNqdkHoDc4prBr0jboEqHqHdsVAtTLGvMq7liDbo2r7VAb36ErED7xDOmVlGU6Kv6ZEkRudQarPdq92cwUuu8ucchHcFV28gERtx6ub%2BsDfkLIyuldBS3f8m8e6nLmzUhNzs2VE%2B%2Bisqs3JAEppg%3D%3D&nvMid=29619827939&catId=50001519
