1,이클립스 목 캔디 화이트데이 레몬 사탕 8개모음,"10,200원",https://adcr.naver.com/adcr?x=hVatfbpX7nxQtXBTluQvY////w==kE3jcqcu8CnuSRinSusvqO20hJre9bK1kXNAZqBXmZ6ZbsK8sO4AmKaco70w84EDucSLh77O8QpqreThFtoKVDF6ksbZ67wIOufcblRHNw2bsYekUcYi1n1bzzQGv9rAGxMNviOYF9KTxoOn0V3AppVqVD/TsyGiTssOfN6nwD0OyFGToYRu3vOEWRp3qgwSMsYaNiSXoGQPMwo5a4OQKCr4h4lY2UNpvcJYZ2jvswVUAXoZb01Kb+qT9btxBjYaF4+/P2ybCVarm9wDWufC4e852yNW165GH+YkHLAJsx8sKm2g9YhnzJ+WwkP1BduAzt1PQ880WYhmkZlang12r8F1qJ5PW8wumCpr5bB/82V43tEwnp5YFBeJAi3JNXLVf/ddrGswv0fL94VDwDnISNi7BIHGdB3Esy3+G/8ty8dVPPvtqRn5+JhROTo15cWanTHwtta/CAOvoaYZJV3MpZiGhfyHVcU5Mpl8Yqw3kwZWBlvdVMW0la78adrpqbUFwmbbk16m3J2fD46NiKsy5zBMk8XS6uBHL9qhIkS1MbIbzar0CkjI0gNoYv9bbzKdvwc25LJFY8Xd/dJ+5Pvg47b/PpXNa3QYf90jx4A9xI89kPiUslmcvcSYB84g7UmaIKhcqWmrNHulNee3WxSvGAxaAKozllvScBMUvdc1k3SRJtHgt8n5Fl28fYBpuMH9ZFQvkUlGxPohjUVDGt9qDXBGvD6D8zpo3OBQy2L7+Ah9Q/ANGNnTkPa25J62tIJybB7qxVxgd7Of3iX8VZu2LNg==
2,이클립스 캔디 x8개 / 쿨링 소프트 45gx12개 / 585g,"13,900원",https://adcr.naver.com/adcr?x=ZV0PrnNnxbDPiDqOR5+gZf///w==kDACXgHXvo8os/on6viPYBi89OTK5Zxk4kqb9vInNiL0H/SlkZyh7c7c7z8E4Vkxt7AlnYpzxf8jm8cyk/08/7OAcu0WoBTsYYu/guPpUTGTwtJAhZu0RtN5ddKK4373Gr4KkPZ5A8K/wWnad5gcYz6yvXZrWcxXxQTsXVu9Sv3Y85DQihTC6jjiH4BZOx3Wk/QcbTFBVZ76f0BnSfvQ9n6pI7fBpm1zj5mzDZA7IW1wgXVTYEEca1Qt/1IF5NwGlY2BnRgyA/XTJ1YHETpJ+xA5cSpn+4clADVn2IDAWg5Q6kh1lrGu8HMoklOxueHHtdXzHjYF483Bgm8uJF0KtoK+8LrdE5gPGFaLghKqxxlLlX3dA3ojDSLJPdY84okJU+BnyPKiAXL6alVDlUOTGL+CnYc+H84KEL7rmkN/9yvRqjLuRdqNw+3w6ECriQWqsByCmM+Qy4lADULL0xYGNff7R2eroqM4fn7966Z3j2KkKp/t0aum/0ko/ZKuEr4sdHoBIlria2oMmD0d30UpSiQA3BXyKwVBlQKFKFm/cBWML0/5mpXzKOhnC/kubeOs1ZQl3KxB2ic08UZr+138RjOZ0wP54iUht1RefUkkcWK6H+RoOSPrEUYd/PXsk+riuSf2GzwjM6BaAQKEb7fpHYESsIUwTSJXmZNtmIOcfLX7kwTYeOrc7SZHnHpyxWMHWn6TStIzd5CIcN8dCVsXtla4Z4x1+mKkmTG/fPMu2psKdaKbw6wpNveKRpLoFjjpnrFHh9oaK1Zigr6oNo8QTTFEoRItVROLgAeRW2GkFkMGQLiKBN7qsUXXohfknBZdon5P+kFFKDAUQ4ermlsI0DliijeDUkn5uDkA3OZ+gUKDvUNfuEV/nwO7/o8odXNbX
3,이클립스 캔디 34gx8개입 리콜라 스위스캔디 40gx8개입,"11,500원",https://adcr.naver.com/adcr?x=Tj0Aw1j2eqxDiH0Fesu2G////w==kwazVl59M65uv0C7ZP7xWlLJX0sv+1nO/GHSynk73eCku2pe3iB55Cr6qQVIMr+0WQm8rACNRckxLNuHx+qUel85GiuwspoglLsy7dpZw302mcL90lIcQ7g4YUJfFz+YW/kCR5ahtrsNeBIJaS40dBeB1NrtuRbuptJpGeOTTZdUTKBwQNEd6Q5n9IX5jWgWTXVLBgvgKznSKryyABRVYuokvDvgsnyiNJ4PPoErur7yseIXZ9B9tZAAZBHfce3yG/mFdIYm1q7PpK8gQc1DQVe8oGy0tR7/DLOTawJtY2budrAfo7wLNHU+Z21XMYYa2u/zFyEGVuWjJqEuPDIv1M6Ttbo4i34t/ehIzJtLWF8TObzYZjgDHJOGV0VYio3KFpf5rcOog2vev9nyCJ0LxkPlHuG9Xuzdi/CFqmDO/CZDJmv6Ih/+J7I5InORRSFumxC5EyuBqfAUUf9ducWz28MpS/A13AmcpGerhlIEzb2P9wv+5LWhM5Xu8oC77XG1svaOEUzuah67PE3ha6UTLrqsj3YYrs8EJKCl+WXIeIDv3nBl6VUsSQsvOpY+SGHUpfdbhGEYW9Lt4YNy781Gm7hDexQoqdJv+kCMC1oW5p9q1QBlXIYtpGGZdJ77bEiAm2TAOAP7Hn2VEK4LvYRXdI/eKJ04zhGlTXxMxbhapszEsqZarC+FnzjSpUyVdbqdssex2J//9zI+j7myvNXsPAUZrhqQT4/87pFndmazoDQ0WyIQIg3AZSAXyTMNOnW26
4,이클립스 목 캔디 화이트데이 레몬 사탕 4개모음,"5,200원",https://adcr.naver.com/adcr?x=E8dHaKnX/e7g8ncAcHjeVf///w==klYw1KJieXrOwZei/5OMavFzvli6aed6J32wxyaMqRFkDdu8JwzZ1dYh59xJVWo5i15NuIjHempyInLiHPLRONkJEJxkocKRpXasGM4G2HSv22LHWODjfnVl21nbVekdETXHAQg6CpNb9ZdLrAQ9rCTy+qW8+9hFxBs9mY4hAEzb8GGQ6JsmJaSs6mIDZdi0ksbcZLvQOOwfG8lrONOxqXQinkBx2t09ZsoqdgFCiR+uBMZJkdbPNE13U8atHqP8tWg7HnNy+Nnjx+MHsSU3r2PqPHBzBsRYlkEg/IShPTngw+fJg9C6jdKZnuRJRyIPinS41x+6JvCsN3ybjvdAqe+R3dhHm4KMWI5remUyC/Vik9ueGxBKCwSK0ZSLPLEJUeQ9uz+6nl2UGucUujLxx6qkEEXgTtY0GNDvBRYiPqjfJYCxfo0pVJsqi7bt4mkBCbLowCmaadj4v5areJsD+Q1DcM3zJsC4UxUpOwFKQhw6KZNwxlX8iYs1x7UZW8556i1bumj5cqU+4KYz4CYEHFmqIbrXIrOozfovVjhVZd1DF739ZJRfT4k2+ZPF44hG78Qoz8j8ISQVBcD74RBZqL3MVZ+Fa2K8WmC9A8Lcr0G/jJbzD9D1b74gnT4Lfh/suhNq65eWGtZvHcZHluYDZ23Xolx9zsO6UOG3IP+Kr4/xObFPNgGp7RP09gLnt7ZxT97LiJux4U5VIQCAEjtIJqq7YE1rYIw9v28XQRTh/wCRVHi8QUmVF42EGf8KBconp
5,이클립스 캔디 8개 골라담기 (스트로베리 피치 페퍼민트 스피어민트) 목캔디,"12,900원",https://cr.shopping.naver.com/adcr.nhn?x=1tYo2VA8ebIs3fEA59NzSf%2F%2F%2Fw%3D%3Dsx284429f3FqqqRVHoLU9iZ9xWosyTgqvf45fpCemhoskexxdf3qxv8nOCQVK6A2XRyFpDM50YNP8uuF6tlY8VFMxd7cDuLIzqs9IkRDR0mpxIEnThES%2Fd3TywrNvj3ZL9mh95dADjXSbABwPDY%2Bx7IZYgwI2fs40XR%2FERq%2FGNyfWK4fiV391hyKbNzjTTmNITpnySxcFo6Yt%2FBKgeRtljjSwC258mKPp3GpRTwgnCsZYO4Am6plsaXHSO650j1yFP2tfKoQ0NQPyiad34AQ6K9%2FdVvwtcOUlbNrGLU3RUnq77UZWIobkNpQk9ImmH17HCg8A9atVs3KCy12axBEQtAfwQBiEvbdYF3OmgxBFQ4MUVA%2FuW10I9SNss8TN3PgevSmUEJChFGYo6b6XeTh5ec8k7UJJ5RyBFo9MYVfWembD9cZI91Fe%2F2%2BwSkSYX4XV5ElotFd88gJcNPOQA9nwnROhHU87AtzqwWt%2FqFc2NSe86xq9CouFzCGLh%2Bx7OR4RfjE6%2B7UGhzmHGBK0IdH2TvpCyQufJxpciCQdcOR9xMq3%2BTwNvjLMOOt%2FuDKCFfl%2F%2Fzlpg4cgiCbE6EW8gGfA%2F6TgezFVJjfQDcG5lbzkXnGApjodT9WvquuCHkhc2Ibwog55xo9efmwiY%2FEoL8gdteR79U%2F6Az3gE9mQ%2Flgn57E%3D&nvMid=82073537709&catId=50002001
6,무설탕사탕 자일리톨 이클립스 리콜라 퍼지락 펄몰 화이트데이 캔디 레몬 입덧 당뇨 목캔디,"1,290원",https://cr.shopping.naver.com/adcr.nhn?x=Csbr5m3W4c4J2qvV3i3KMf%2F%2F%2Fw%3D%3DsuGT0siqo%2FEdtb%2BVzDBPauTz%2FYRidF2tfq0kGORb98f%2BYBKtUbeTHQI5Q6lsIY4Xd%2FArbOrofdoXEHZZA09AqYaLrDQO0YmG7nVspBM2SOkWAIs%2BY9Yd8r%2F2eW9ERBQZ0Py2Es6yXf1TvTkb2GDIw9buVw3GdaDAvxDSjC3cnt2Z%2F22ms%2BW8TiQQNz%2FOHMMFF%2BQAgXGbGDbZeOUa1fOkGhUdL73HfQqwFQJ2Id%2B1L%2BX1lc6P1YajnJs%2FPQ4MWP%2BA7wc%2B%2FjkR2vl%2B%2B%2B%2F%2BVPNlrhViSRThjTULQ97dFBd3sVbFEEkHCmU7Y%2BpUivjroZRywu%2FaZDunUnivakt%2BfqGUOHBGxLPYnRbytCuXvuUHjAW2y6lvXFI2sSmr5YX%2FIEoIb1fKkWRyqIfsCf6t8XdF3s0LrV7rA%2FO5rfdSko0u5bnwiWiDmoBdH9Q2GekoMqhC38fKtBXfWfbZnCtTbW8Lptuuk4N8xwO4mGW%2FcFjGgv5mYWhdA%2B9CmGENwrrgzmU9%2B9lJVBYdWVkDDQ6JwpLHkGAmkr5ATbq6sBmeMrvT8SdD6QskLnycaXIgkHXDkfcTK6yRu6xBR83gbpp0CdpSARK15JE4RGkHNSf7EQKgNsJiE1oGXcIKyKqY5Fv0BwBX4UfEqHy8Z0GWqSYVEymddPG464Gs4zRyfeAi24vbpHeDNjqh%2FZemCCOboDhnweAmG&nvMid=82315876416&catId=50002001
7,"이클립스 민트 캔디×8개입/페퍼민트,스피어민트,피치,스트로베리/아이스붐","10,100원",https://cr.shopping.naver.com/adcr.nhn?x=sA39I%2F9K7nM%2Fxg7wl2b97P%2F%2F%2Fw%3D%3Ds8Y5E%2FM4CbFI4OrisPA1UGh3KACl4JipeDmJan0695JW8Hbb%2BXB5g%2FeczMdnh69WpcTTIFqcZxmhsHm5mZPLkSRvSQKnyQgvt6e5nx7hmOvBIEeojlTXwakpDKME5uf6Oh7vkwYsQjez6BxdqEnHCojaSZny%2B1MgSfJG5ocTRQNj1rIvubP2%2F%2BNF2sTRY2hEV9hmKLKpCuFdGVuOkA8zVQkP%2BYdS8I6aE2iJeloCfDc9WEXeXwSaubPu0qUaxQfPPa%2BpHa6ewb0%2FDpcGez9%2B2Mmaf7oVVn%2BbTDsruUdhAA7tCIUfejSQPayRIAH3HS7c1k4cBkZgiWjLFKa3MUMZKwN7VuUveDDJuqr4QuMyjRbD1Z8zRMS%2BWIQDD0dU%2FhiJQxxM2AXuPhsMkpNlrLLZAHS9JnjSw9Rg9TOmnMXgnDKXHe5flJpFgcXycM0IjRc4FeTa7%2BIDnEWWuZlCkG9rxJsaly2wJftzKccpGf6JA7l%2FsRenJ%2BxpTIxprrB0sMx4yYL9eIAwZNUPtPkdINxSnhesPQLT%2BKcKh8N5vbqebV0Se5AlfzkesGqZN1RrnNKSluT3LHYsTijPOJ38PlOyCut5VZoSCfJhP012QkEKVU3A9%2FKbrO6u1SM%2FyOPxqwvaqDeNn6B6iDpyX6sLcRt8EbMtVYavx%2B%2B8fWZa9SBc8rqM%3D&nvMid=82215948799&catId=50002001
8,마즈 이클립스 쿨링 소프트캔디 레몬민트향 45g,830원,https://cr.shopping.naver.com/adcr.nhn?x=JI0dubuIW6pWSvZFqlou7f%2F%2F%2Fw%3D%3Ds8AKMgb1qjmljT5bAC%2BTf1tsfW4rLLP%2FCvj6MYRR2%2FRm8Hbb%2BXB5g%2FeczMdnh69WpCTBI8PjbduWRbsq%2FoDmfLxvSQKnyQgvt6e5nx7hmOvBIEeojlTXwakpDKME5uf6Oh7vkwYsQjez6BxdqEnHCosi30QtKP1mA7BYZPpxeJLexWvZfe2todmJfmpbNrXnqHcbSsStDddVxE54Lf1MI1mJmEQGcpWuhgjWlz719UunMK%2BSwrk7dBm4%2BubCIQ7AHXWdtlNkDYwPXDvUvEuSQdWp%2FbZ2hIBWeMg5kbCaRx1iGZ5a0ma%2FDwz3QQr7PLlrXJV03cukp%2F9sq6JmLvPVclCvk5ILzLTirZLRDjQK2hxReM6A1rO9PdIviUJ67tUAXV36ogsAbT2GMBHUreotiQCJCpbkSi3DwQX%2FLzmC9OtK7%2FGAgpioTzK2lm%2FHs00%2FxBHNOS04mwbf2sLSii8AqpxAiMF9jnApuyj4cClS8wrSIdJf3Vu1O1VanFqwED03Yq%2B%2BYf5hyGy1cyIACJlR3re0odXMRqPDHsiHdD%2FktuX%2BoApQfcvLnqGM1416y8TPeramjBwCZI9AwCV4mCTWQmSk3FSUGdrTcpT%2FHHikF3UdXGHglXnH5Sl4tQhhHq6xxVoWd0jB03C5aYq3HUc1IKtSSLJQZncWk8e8Ttfjz6Fs%3D&nvMid=27421661529&catId=50002001
9,호올스XS 15g 이클립스 아이스브레이커스 아이스붐 멘토스 목캔디 하리보 투시팝 지구젤리,790원,https://cr.shopping.naver.com/adcr.nhn?x=R%2FCArT9EkJYR8iYcKf86VP%2F%2F%2Fw%3D%3Ds1pFnnHaoWfs3RqCv0j496%2F%2FXW8G3GBpSbPlivqg4Zfokexxdf3qxv8nOCQVK6A2XzT7UoLuTbTlcFhIk1m9xz%2B%2FRrlBO0VsuRbIvQKp5cAdxIEnThES%2Fd3TywrNvj3ZL9mh95dADjXSbABwPDY%2Bx7IZYgwI2fs40XR%2FERq%2FGNyfWK4fiV391hyKbNzjTTmNIHCyCjP%2FSg4LkthZQp%2FaumjSwC258mKPp3GpRTwgnCsZYO4Am6plsaXHSO650j1yFP2tfKoQ0NQPyiad34AQ6K9%2FdVvwtcOUlbNrGLU3RUnoP2aA5JiI8ANY9ZPi64EKx7YUVChj52YVyeV1bLVgBysgolMaLzBnq19VL3m5LXPVe0mSMlplXytvTv4OfQK4vdjLutbeA2mDcxXgbK7%2BpO4uAm1ReN8uqNJHX1rbhfSQdnmswTNDPfbH2oHmcsthSh7nVzGqy%2FuPN0xvEo2fh3%2B4AwEOz%2Fo5xwG1w2DYSsOM%2F02e1CrZ5cwm3Eb0jfXTm0ptwhFwshOMIQRJh9lyMiTQoRquztbBGZlaFTTmafksCgP4y25dnEm%2Benrev7Va0SPie363mMpK1Ue5iRxCqhyDw1fYKdX%2FHFocSPDMLRJTcME3FBJ85l9b9ewolST%2B6k0UsXuIl0EDMgQBoKiCZZKwif7rmXMN0L6EZEaiwpeJXc50eBITwugSNPH3Ok09sVpGw61BSdoQRvEGgfFlc5w%3D%3D&nvMid=82480315398&catId=50002001
10,마즈 이클립스 쿨링 소프트 캔디 레몬민트향 675g,"10,980원",https://cr.shopping.naver.com/adcr.nhn?x=07P6wSV3VTP%2BYFaPVsboEf%2F%2F%2Fw%3D%3Dszb0ZKps5e1othNn6IVOW%2Fjc7UYiIQR0wCIBsgp%2FbkOy8Hbb%2BXB5g%2FeczMdnh69WpH8VnyoyCYJDthSuYMmDsdRvSQKnyQgvt6e5nx7hmOvBIEeojlTXwakpDKME5uf6Oh7vkwYsQjez6BxdqEnHCosi30QtKP1mA7BYZPpxeJLexWvZfe2todmJfmpbNrXnqC1EB4%2Fe2TD%2F7VgP%2F2%2BDK%2F2JmEQGcpWuhgjWlz719UunMK%2BSwrk7dBm4%2BubCIQ7AHXWdtlNkDYwPXDvUvEuSQdWp%2FbZ2hIBWeMg5kbCaRx1iGZ5a0ma%2FDwz3QQr7PLlrXJV03cukp%2F9sq6JmLvPVclDdGtnogPuxtZDv4YtpwmZqjiKgOL%2BzPrIZ473eZIZr8V36ogsAbT2GMBHUreotiQEF1cPYHtg5mDJLHRuSV74927oVZNhR7yPfpBSEq9bieBHNOS04mwbf2sLSii8Aqp0%2BhO0OrA3umgIPRfahp87fO%2FGnxhPTNcK0D8Q22hJm4o3FPEzllZWu6IDfBnHACOM6P55W22SNRdcJtSzbw3uDVmf1OxKN%2FfllR8qHWeGPwE%2FaNs5i530xvIZh0OpM%2FHX7bRQ%2FPmkTqZ6p6stckJhyOo34gcnYxi9yybJS6Xat1ojA4oRl4FbAiRGhgWjWPoQau4fTwOUqyF63FjwpQRls%3D&nvMid=29106793586&catId=50002001
11,아이스브레이커스 / 이클립스 아이스브레이커,"1,790원",https://cr.shopping.naver.com/adcr.nhn?x=x6x2f8Pk%2BGQmnzWQQoJnlf%2F%2F%2Fw%3D%3Ds5vPoPKk8Mq2GASbBVHMIaBclw7EqktdbInA3AJgzpau8Hbb%2BXB5g%2FeczMdnh69WpjrsRDTSpBg98mGnzDDPpURvSQKnyQgvt6e5nx7hmOvBIEeojlTXwakpDKME5uf6Oh7vkwYsQjez6BxdqEnHCojaSZny%2B1MgSfJG5ocTRQNj1rIvubP2%2F%2BNF2sTRY2hEVPTsTiWrkqYkC40rwI3d52kP%2BYdS8I6aE2iJeloCfDc9WEXeXwSaubPu0qUaxQfPPa%2BpHa6ewb0%2FDpcGez9%2B2Mmaf7oVVn%2BbTDsruUdhAA7vQjXM%2BngWnetUr78BKRy2zEiRkaduGmtpVBYcTv0CZBt7VuUveDDJuqr4QuMyjRbBaP3fM7RYU1vKZI9G9nvyLmBr3q%2BROfLpCp6CYDtou3mBIQl%2Bn0XAVfOGExTYHopq9GBDG0hot4QvioLqMUiX%2B8LncAON7ttnvqi7duiQcABU4J4xdJtuxE6S2YYRwHt2XvG3IRt%2BhCUrqyR1%2BrLMGU5uyZwVNQxxRJThLpViv3YhyOoxx1FnPBFCRkvFOGNB778nBhxrqaPL%2B%2FS0sp1XLIF06GdNXTwQYCtCI4Mg5wm9TZjqEQTAbFzUBl8432wvhVEAf6wwM5tqtSh0bB5Hx&nvMid=81930009489&catId=50002001
12,이클립스 쿨링 소프트 캔디 골라담기(페퍼민트향 / 레몬민트향),"14,000원",https://cr.shopping.naver.com/adcr.nhn?x=asbE8HoaU%2FAYMVHb%2F4WcZf%2F%2F%2Fw%3D%3DsduebR1iKk5cZ31PxzdFzEbekExDOWmuI%2F09O4UP2BxAkexxdf3qxv8nOCQVK6A2XXAGG02stRfpwDNX7CNNaI%2BK%2BXhed31dngS1FKPgSDMlxIEnThES%2Fd3TywrNvj3ZL9mh95dADjXSbABwPDY%2Bx7IZYgwI2fs40XR%2FERq%2FGNyfWK4fiV391hyKbNzjTTmNIopqf6EwOrkfj986o3SANXTSwC258mKPp3GpRTwgnCsZYO4Am6plsaXHSO650j1yFP2tfKoQ0NQPyiad34AQ6K9%2FdVvwtcOUlbNrGLU3RUnock9xi1O9WinPvO2S7HOfHA%2F0KT1n5YDFtWwDLwndz7QfwQBiEvbdYF3OmgxBFQ4OUPcPBMcWwIfGUTYPOYRx%2BvSmUEJChFGYo6b6XeTh5eSl6CQMBNbHDR6SGTYNISofzsKvVh9bLEIXZEQ1OrqZjEWZwMKhusX0bytFqYJBWR4dEEgKFB6PRq2lff42oX8j1YKDTm7eDSbHASiNdxVD%2BxRlND%2BugDYV4NglDxaaoZvfIcOKVVrXSttJjneS81GgXmcpgk8jJ0ZEDszZE7h%2FocbJ6ffMAFSJr3eHsCb7%2BKoq5SB%2BK71UVE1yeUtjObDtxIuWS99Pwt5vstbflcXzmxyAhEKTy%2B0Zvtn8oYxIR0Q%3D%3D&nvMid=82865851459&catId=50002001
13,이클립스 목 캔디 화이트데이 레몬 사탕 8개모음,"10,200원",https://cr.shopping.naver.com/adcr.nhn?x=kgy30FkPS2PP3MkZFAuFS%2F%2F%2F%2Fw%3D%3Ds1eXpjxxXYdzKgFcJfsAO8uYdXzdp38r63zFmrSE8Ga68Hbb%2BXB5g%2FeczMdnh69WpDZyDLuQb%2B2cLrhVxwLx5vhvSQKnyQgvt6e5nx7hmOvBIEeojlTXwakpDKME5uf6Oh7vkwYsQjez6BxdqEnHCojaSZny%2B1MgSfJG5ocTRQNj1rIvubP2%2F%2BNF2sTRY2hEVHxE2VXQD0IJGT5Zpfmr30EP%2BYdS8I6aE2iJeloCfDc9WEXeXwSaubPu0qUaxQfPPa%2BpHa6ewb0%2FDpcGez9%2B2Mmaf7oVVn%2BbTDsruUdhAA7tE0PCWez3dgFrPSfDEhSx53uFO7tCPmKS%2BhtFtOxaZb97VuUveDDJuqr4QuMyjRbB%2FELdGWRUUT7VEol%2B5YJq5xxM2AXuPhsMkpNlrLLZAHRGBNVuyI%2Fhwrqysaj6fxHt9rsyDNBLJS%2FnBboX3cP2cb1kTRJz5O3iIJMcGvJGLWgwlDgCphBLOQhE7EOUTH1nB6etBtlf%2Bf3Uo7VWqYFgWkuHakKV2IJI5iRiSqg9fkXWIQ1u3zt0GFab5rzIWlsN4835TMqEBPZTAIpq%2FkvqHBnBoKq8wZ%2BFRIDkRjJP4bq6ztoRrslzdYP7lJbOD4IQdHI8FZtQVGFZJxOyBDKc%2B&nvMid=83440095270&catId=50002001
14,아이스브레이커스 6종 이클립스 아이스붐 리콜라 무설탕 목캔디 모음전,"1,150원",https://cr.shopping.naver.com/adcr.nhn?x=JxlVLYYTEZKmnPZVmErGDf%2F%2F%2Fw%3D%3DssfTGXXqPED%2FxYPBhoULoNTOiDZuVr2R4AV2b2wMs%2FnS8Hbb%2BXB5g%2FeczMdnh69Wp7D0wkXzpCgF6VjOl8RXeJxvSQKnyQgvt6e5nx7hmOvBIEeojlTXwakpDKME5uf6Oh7vkwYsQjez6BxdqEnHCojaSZny%2B1MgSfJG5ocTRQNj1rIvubP2%2F%2BNF2sTRY2hEVBKAPvOQ0oUPcytbG%2FJMd%2BEP%2BYdS8I6aE2iJeloCfDc9WEXeXwSaubPu0qUaxQfPPa%2BpHa6ewb0%2FDpcGez9%2B2Mmaf7oVVn%2BbTDsruUdhAA7sJKurNHed0efFQR8UTjeZyj96D1Y54A2NKJuP1Ipy5IseRPGPQW1%2FDmIrF%2FWPT89j%2BB2QYW5nkvrZbwhSQFFw%2BIcE7ONtcdOnPfQltEK2Z84e51cxqsv7jzdMbxKNn4d9Fmf%2BdRr0QcVCl56ohrtfw0G1CwqN7cRPhalQehqUIx%2FGelWf3Xq0G%2F4pzLHjt8vur1aaHhxLLRyJGRNmbPPHMRZZ2LwkWf6PHfRp4hHIvz6G6iWtPMvWVm1gKPVOX2RGEo1oK9AaPiGRnkabRG3nTTIETHLNys2o0jgmxqRUJqG8ta%2F1hbVpsNYiQZoEJXfpEQOj1Db8HqBsMF8qK%2F6J67A%2FtXip%2B2mAqUyuzqeBsgx0cjwVm1BUYVknE7IEMpz4%3D&nvMid=82468335797&catId=50002001
15,한정판 이클립스 하트 8개 1box,"11,880원",https://cr.shopping.naver.com/adcr.nhn?x=Ca0IAhUpt5yPFpEtk1xeLP%2F%2F%2Fw%3D%3DswbS1x5n1iK9lEOE92VcQCak839MeaFAtkT8zFci%2F5i2YBKtUbeTHQI5Q6lsIY4XdLIdl3a80000hXxVj2QeL2KLrDQO0YmG7nVspBM2SOkWAIs%2BY9Yd8r%2F2eW9ERBQZ0cbbdZpEYaPPPUU627xYIlIt2ZA0FpVCmeDurkYF5cmwrsB9LRUriY4ptLC3ROCQurIvFAB3xLu5xaAjmfNLZBjRAhfgBtBDXrZx2REZ31G0fU8e814I1c%2F5C3ubpVNDMNLALbnyYo%2BncalFPCCcKxlg7gCbqmWxpcdI7rnSPXIU%2Fa18qhDQ1A%2FKJp3fgBDor391W%2FC1w5SVs2sYtTdFSesYfQmvtcXQPsYxCP0m0TBChASFm6QMSHF%2FUaOA0EOrwyt1tmxnTur1B3KkQYvnzcPFPNp6rvO6Ljdn7sWVhY6Lxsb3JrBksp9iC0BLOZvfQAN6ptz16TA1U6seTI2HaFm7Mo0bptn%2FtGu8O3YlX4Snw%2F7bqMOPcDesHw08hj1r%2BUCrNqaISq%2BOzCrqwYLt29kVC%2FGGs4oLZ41%2BrWfwYQr0CBHo9c9AxJIwNg6HSk6dv1QdyNzl%2F89msL0EuHzuVcWHh8PHXBMxP%2B%2B0gwV8FBZ8dHI8FZtQVGFZJxOyBDKc%2B&nvMid=24843786640&catId=50002001
16,이클립스 캔디 x8개 / 쿨링 소프트 45gx12개 / 585g,"13,900원",https://cr.shopping.naver.com/adcr.nhn?x=F5kmXkiPRno26P0dwN4buv%2F%2F%2Fw%3D%3DsuOdV%2FyO1u1TzvnVuRkpYBREQcPZz9p8vIEb4Fdeu6N2YBKtUbeTHQI5Q6lsIY4XdeR9BFnQRAdfP65rUlN2bvaLrDQO0YmG7nVspBM2SOkWAIs%2BY9Yd8r%2F2eW9ERBQZ0Py2Es6yXf1TvTkb2GDIw9buVw3GdaDAvxDSjC3cnt2Z%2F22ms%2BW8TiQQNz%2FOHMMFFXiW%2B9HcV3rl%2FjHwcK9RPuEdL73HfQqwFQJ2Id%2B1L%2BX1lc6P1YajnJs%2FPQ4MWP%2BA7wc%2B%2FjkR2vl%2B%2B%2B%2F%2BVPNlrhd91J0JYjLwMrnbcS3O9mVN62oM5pNMmc8wqHomj1jQ5Xa1PYAb0zmPF1cRoKRscXYRJahmlfswry3XU8hQOA5P5eOBpT0WEJGa7O%2BUZ9RFOoSo5iHALzmuFfsqLKU9%2FGm4GuEhu2skOTGr6KWM4tF%2FPksrxiM8JO1oW9ThvRg5927HAL%2F9O4DONAm8b8kv86JvEjtaYg20PkkfgJoRsUuNNDVAkMek71J08JAnGJgRej2IaFXM5%2Fv2j0dh0ZolqNYqtWWDjyHzxoa2U55xLLJJIlyMjkCnYvULt2Rx9syEvm%2Br4gk3oI012Gu%2FaaNty8gN%2BQsjK6V0FLd%2Fybx7qcubNSE3OzZUT76KyqzckASmm&nvMid=82137467231&catId=50002001
17,호올스 XS 호올스 스틱 20개입 캔디 자몽 아이스블루 바클리즈 시나몬 페퍼민트 이클립스,"5,900원",https://cr.shopping.naver.com/adcr.nhn?x=BckYFX6QCr93Pscxnxyck%2F%2F%2F%2Fw%3D%3DsAgSZWec19kN3LEFaI0DMGo5O%2FiTGtHs98iTohZBD3Vokexxdf3qxv8nOCQVK6A2XFNqj3%2F44EocpRIypeaWSLKp%2Fol7xarSfhQN2kuc5uL1xIEnThES%2Fd3TywrNvj3ZL9mh95dADjXSbABwPDY%2Bx7IZYgwI2fs40XR%2FERq%2FGNyfWK4fiV391hyKbNzjTTmNI3V1Q4OG4bI2U%2BxeV1ilFfTSwC258mKPp3GpRTwgnCsZYO4Am6plsaXHSO650j1yFP2tfKoQ0NQPyiad34AQ6K9%2FdVvwtcOUlbNrGLU3RUnrnEwURIOt6NMGlCw%2FsT5BRXqqxxEBT6ZYj3tdcsYtujcgolMaLzBnq19VL3m5LXPUfDVih%2Bs1XxpY4aDlJiGQCdjLutbeA2mDcxXgbK7%2BpO2KWX0yF1JoD2eLR4e0LXQX9zy0NB1bsA3eeddsy5kIEwW%2F%2BxpqZh1xLnR6oGjjTUXi9lR6z35y%2FZgZB%2FhswE69%2FymjYA2k3meNmfWNfDXBegijDzUvF2pTcLLpv2O04fna0tnpqsMplkWrwtvQUVoQA6QqXnM1NcrtteBQ6V%2BcD%2B2ibi3WESTgfFcEC3Pt%2BoUa2Tk8qMfsj5kd7fkAjHP8g5w4vuI2IJnyM2isc8z5pIXmtecRElsxfjD%2Bu3HVcb7i6%2FqtC5Bn9R2DdSZ3pxW1Xc50eBITwugSNPH3Ok09sVpGw61BSdoQRvEGgfFlc5w%3D%3D&nvMid=83162098736&catId=50002001
18,이클립스 캔디 8개입 무설탕 아이스붐 리콜라 아이스브레이커스 금연 목 입냄새제거,"10,200원",https://cr.shopping.naver.com/adcr.nhn?x=sUaGRIZUYCCAc6vPfDOH8%2F%2F%2F%2Fw%3D%3DsJ8niZ1acSbXo0zyXHxencQQwtMavlc%2FXms9tVp6LTya8Hbb%2BXB5g%2FeczMdnh69Wp1VI3NmMUR6Yi9vgf%2FJbtVBvSQKnyQgvt6e5nx7hmOvBIEeojlTXwakpDKME5uf6Oh7vkwYsQjez6BxdqEnHCojaSZny%2B1MgSfJG5ocTRQNj1rIvubP2%2F%2BNF2sTRY2hEVcH6jfM6OWCaX4UHIfRtx6kP%2BYdS8I6aE2iJeloCfDc9WEXeXwSaubPu0qUaxQfPPa%2BpHa6ewb0%2FDpcGez9%2B2Mmaf7oVVn%2BbTDsruUdhAA7tSAZ8A3JgrE%2FMkEADwTTADj96D1Y54A2NKJuP1Ipy5IseRPGPQW1%2FDmIrF%2FWPT89iQeKFigzqiBSNfv5ykcWvxLdVvo%2FZHwOzsgSUpoOtKB6oI7Gm4uARBce5bqKORRgxVFU6tdEekFaY5mQKxdJEhqY4MZk65pyjrRlHvWSCFkkFQjw0dSQtG8wCcaJPaWc%2FdS%2BCKQuMNslh4%2BxXSU8ScljGO9toB17eAAvL%2BLv0HDNz1QBXAwS6exOqan7z8hoEoXuoYYP6txxJm0LfaXobOcFtYtYo3v0Ooy88fd7FvOw%2FtRs2MgkAFbAzurpTEm5aXx6bgeuB%2Fd5m0NMiWV%2F9TUHFahSvWtzIr1j6BmabMddac3Wp71G5EwE10pQ3HgP8OEsHC78VBLnFZh%2FnDobeN&nvMid=82361574023&catId=50002001
19,이클립스x8개 (페퍼민트/스피어민트/스트로베리/피치),"12,790원",https://cr.shopping.naver.com/adcr.nhn?x=7BkHCh5UoUi3B3ibc3Btef%2F%2F%2Fw%3D%3Dsd5H0kzKY0WB2Oqw8XEjjxL7UMIxA%2Fw0%2B3wREQhhWGdG8Hbb%2BXB5g%2FeczMdnh69Wp090qKCDNYMef7psIOsEQ9xvSQKnyQgvt6e5nx7hmOvBIEeojlTXwakpDKME5uf6Oh7vkwYsQjez6BxdqEnHCovu6oAkTGETHMs8EuiNceQvzVxtK52UICONrYdsjx4rfdpwET8pnuDjaEihYlND9u%2FJGi5REFk6Y0%2BaqcC0q%2Bs7UhmRVLIUjqTTGF9FysyneywzmTmRvGD%2FgZYTjyHvRo3rTXr7Kn13ziv%2BL7HuG0pJthTvU%2F05au0wXf8ba3f3avyAap7W9mywludw4v4Bo%2FjXXTYu8niKUKhTFKqA%2BoLpVXemfpmeX70wC2wQT5nyi5pxiwDZPU40LYzhHX%2FcRv3dxdAHw%2FEqhWFgk%2BkPh8dMdFpV1Eg5YfvQVVa4NIvaUGT1gKBNs8%2BTaHLvTI2e1Uw2XhdSvOAgpev63I16x4YbN81WjUpxJVJrN5mDsz4BpfFV1jTzQ42jq3zoxkY5WJx1TQg9t5Ou4YUuqdIrKsu258gs%2Fu4dP45okLPbuNDYIebt2l6sFFE0Y0gp8at%2FCbrEVt9NH%2BTWNBVDYFE84tQ1wqJpOjYMsyQQlIJdIsZVWdcLf3Mminm7ufa9iEeS%2FdS6CIOHlLyf7tFzQx427OB0m5T%2B2aAxJbTMdT7pqBSkM64uX2YasdyfQ81nM7ZCqM%2BR79U%2F6Az3gE9mQ%2Flgn57E%3D&nvMid=27213199509&catId=50002001
20,리글리 이클립스 캔디 피치향 31g,"1,310원",https://cr.shopping.naver.com/adcr.nhn?x=bvUD46vN1Zv4st1D8rOXpP%2F%2F%2Fw%3D%3DsJXSgWOZPXL9p4O0KD5dk60s%2BPLHd3bzMJc5hZ%2BVctESYBKtUbeTHQI5Q6lsIY4XdC0f7x7%2BKBvnQNO%2FDcKIc6aLrDQO0YmG7nVspBM2SOkWAIs%2BY9Yd8r%2F2eW9ERBQZ0Py2Es6yXf1TvTkb2GDIw9UPg%2F6PYJW9LpCSumzPJoiiI9aZyW4hhCgmcrsQhWGWGx%2BoPmBke2P8RKW0HKfPiGfE1hKopGxpuHFtTM7%2BQq4rjXyIP7t9NYPctdUrnClEZH6JIwtebJJZ0KMtG9AirMzpl%2BRqX9o4HuxReiuECkkXffisv5tHfoGFh7RH%2BtSaOAFJNLWxG%2Fj2gEfGb7GroeJjeqjhKnT6XmRk5wG99GCTou4fGJAvTi3ytkluUf%2Bwj%2FZqVBottFIbGMhDrt2Jq%2FsmqJyUkfMoa%2F9rIA%2BvVJczG%2FX3t%2FKNhLJcWuuhZgRR2OeJsX3QrJ62b%2BZ%2BMB%2F62LqOfsn1DAjYNWs6EBTdKFRqjriJ8H0NV5nx9%2BVr0aUV2QP75QI0d8EMLQn%2BIWyr0br6bbUGFgv1nBS8bnbRLeCS%2FhgaMkJIhbUi8HFdPXAb3PIS2R535oq%2BX4c5n9xGr73qQ8%2FITXnvLzq0G3L9d03iFbDf4gHI5rSMJU1BWcIOg&nvMid=21934759255&catId=50002001
21,퍼지락 자일리톨 무설탕캔디 7종 / 자일리톨사탕 스톤 클리스탈 리콜라 이클립스 호올스,"3,900원",https://cr.shopping.naver.com/adcr.nhn?x=JznpB%2BX9MbLd1vmzqJ6Z8f%2F%2F%2Fw%3D%3Ds2zEmvXweUzqRpsJfscJoiAIXpCqq%2FhU8pnrX3Xo6j%2FUkexxdf3qxv8nOCQVK6A2Xn3jL3WsgXHEzTbBf2doQLVMxd7cDuLIzqs9IkRDR0mpxIEnThES%2Fd3TywrNvj3ZL9mh95dADjXSbABwPDY%2Bx7IZYgwI2fs40XR%2FERq%2FGNyfWK4fiV391hyKbNzjTTmNIpkRfOZpi9N7AYse%2BY8RR6TSwC258mKPp3GpRTwgnCsZYO4Am6plsaXHSO650j1yFP2tfKoQ0NQPyiad34AQ6K9%2FdVvwtcOUlbNrGLU3RUnp%2FR5p8kW1x6bW0j5%2BuEH8iS7gunXBw4zo8heMP46TLgwfwQBiEvbdYF3OmgxBFQ4NJnObhZ76L%2Fd8CqHvDEVNez5mmLOaXnsXiqil60K1GCHMl5E8kqEdaGjElMT6RaERaBlKmgYND67t6tY9Zdx0sS5p%2BcZARqvRJ6QXCZRtVsofR%2FuUAv4OW2k23LenrnfXlEg3k2NJfoRAYnkXUkASfIrYSvTpJIxqWOrih93lO6MhM8pFcZ14zeH0Os6sId92jvL98RjcjYQEd3r8eDYzGZjzfaipf%2BdZyfeGnOFM5Siwh81MQGB4mVEA5m4%2BFSfVjzev%2BxZtf5siJrcDvIpvhqMlPvWUlQOEOtL%2BXx0ynH3YNOJEuv%2FiKhtO9%2BU9Z0afke%2FVP%2BgM94BPZkP5YJ%2Bex&nvMid=83400093217&catId=50002001
22,타야스 미니 담라 어소티드 소프트캔디 2kg 멘토스 이클립스 츄파춥스 수입캔디,"11,900원",https://cr.shopping.naver.com/adcr.nhn?x=fTQPAn0Awvqloz7oML0uQ%2F%2F%2F%2Fw%3D%3DsvLbnybBP1jATb2kz%2BTyFLKX97MHZklEZh7BU7yc7yJ%2B8Hbb%2BXB5g%2FeczMdnh69Wpy7G%2FtyJIfFTLkKD1OhgmARvSQKnyQgvt6e5nx7hmOvBIEeojlTXwakpDKME5uf6Oh7vkwYsQjez6BxdqEnHCojaSZny%2B1MgSfJG5ocTRQNj1rIvubP2%2F%2BNF2sTRY2hEVXKAwa9Tcqi%2BA4xbrA2H%2B0kP%2BYdS8I6aE2iJeloCfDc9WEXeXwSaubPu0qUaxQfPPa%2BpHa6ewb0%2FDpcGez9%2B2Mmaf7oVVn%2BbTDsruUdhAA7uKiEGr%2BOeU5idB4z4Bd4tbbSYWW27jzD%2BCjGo6rKZM8%2FZZOKDLX7hwkOHSdViQwH%2FAKvRFU61CBQyTPFsnP8R7cRCoaBwCWTw648BkCoNyzzoxOAV88YyN5yUvLtPbmLyHp7c12jIWo9%2FC%2B42AiH3LxncBHOOHMZYbOsKiI%2BA7iHfkpUQPYCucZ6dLur4whnNGBrAD4wyX7kZWNzBMn0qeTCKtsgQd7msb7h1PMOxtID536jciv5HJrRa3Te5QPL6X%2BdRuegEQjBmVwzxpLUiHbCAhD%2BXdaCvoymY2zwAThrHRSyQJnnqiX0dxeYexU%2BixETpRxbWSJn8awtJ4fNUarQMMNaMcZrzm2HbYGiP5MlaFndIwdNwuWmKtx1HNSCrUkiyUGZ3FpPHvE7X48%2Bhb&nvMid=13082808589&catId=50002001
23,이클립스 한정판 이클립스 하트 8개 1box,"11,880원",https://cr.shopping.naver.com/adcr.nhn?x=SfPQpK5X3kNxUNcoVSsV%2Ff%2F%2F%2Fw%3D%3Ds1l0WHDsoapx6ewrMNdp7unM5UQX5f2F2QzkPgZlB27S8Hbb%2BXB5g%2FeczMdnh69WpdUwv4TB2NzXFXZhIZuPtQxvSQKnyQgvt6e5nx7hmOvBIEeojlTXwakpDKME5uf6OaNT6fISz%2FcPRDSjC2Fk4vvRlvSPRdF1kA2uhYEdYUALddJnZdQ7YkO2Oo4admFBe5%2B%2B9cQ1UKLZhFlQsrn012%2FAXx8HRwTP2Lv3q4PM%2FF6mbFRlUgtoVBqn%2FG7prp4Z9A5ijqTU6jnRNRTh%2BkUVsAgez%2FY8eSma9aMvarLWce5tESUfDnHZQWd2u7yCK2LDtElGYi5MlULq9JIsJBRFsvF2tT2AG9M5jxdXEaCkbHF3pmcZTI4d8ZLjQhqPkeWoD1wyyexQPkOJL3Q2tC%2BRlXKEqOYhwC85rhX7KiylPfxrNpt65P2qK%2FpHihgwvJnLbz3mV7AP0a%2BhyxYrkxd5jgV0PB5aiYZV%2BTUsajGpbpPUfp%2B6rzQPZx6G8UhzO%2F95ywTlBy%2BR19ddhO0dVvniv5sKR3YKlD9qGAl6gX9HvZO4cTSRfRvL6TiOfJipAUailp4i1opZ%2BvzrqBRJ9O0CgeVaFndIwdNwuWmKtx1HNSCrUkiyUGZ3FpPHvE7X48%2Bhb&nvMid=23527575823&catId=50002001
24,마즈 이클립스 쿨링 소프트캔디 페퍼민트향 45g,830원,https://cr.shopping.naver.com/adcr.nhn?x=o%2BHfvxAORm6d8yha0l2Y0P%2F%2F%2Fw%3D%3DsxojS9OP8aRGygHZZdomHxuYWFCFl1KCYCyHHPHlnL1SYBKtUbeTHQI5Q6lsIY4XdcwJiX0KTvJBGKu4%2BEszo7qLrDQO0YmG7nVspBM2SOkWAIs%2BY9Yd8r%2F2eW9ERBQZ0Py2Es6yXf1TvTkb2GDIw9UPg%2F6PYJW9LpCSumzPJoiiI9aZyW4hhCgmcrsQhWGWGqzVau6BQ0FDnJEXxBB%2BzpPE1hKopGxpuHFtTM7%2BQq4rjXyIP7t9NYPctdUrnClEZH6JIwtebJJZ0KMtG9AirMzpl%2BRqX9o4HuxReiuECkkXffisv5tHfoGFh7RH%2BtSaOAFJNLWxG%2Fj2gEfGb7GroeIJF3jTfwVGhDKdLwOD3hbxqAW3Mlr7y56XUUvh6vaCR%2FZqVBottFIbGMhDrt2Jq%2FmXNINBFSQl%2BLiGt0jTROcuy%2Fg%2B%2FSRal1BwobMCCgGuXCt7uQ8EbInec60KCqDOqYaCzU4005FLsVf4LghSDBwH%2Bl1aBqsMuS5Uu4UjXeQp2aQhE9PLcD557Q8GRpZ0%2BJ2y2e1xCt4gbg%2BfUg7v5XuVoFwbUAvG80ZZzpgEVJfSyYnHIcETcJifOE8sb44IMxRf8zyjN3gYpHU4YHPb3BpxiltZAdf%2F7ENSPjaypVXkY5Hv1T%2FoDPeAT2ZD%2BWCfnsQ%3D%3D&nvMid=27422701522&catId=50002001
25,이클립스 34g 4종 중 택1,"2,500원",https://adcr.naver.com/adcr?x=uOcWmPIqUGihu5Una8vgK////w==kqv7rvr5uw4ga7mSju9KMWwKA38hbb7BE3F2h4C3MGXjjjs3OEBT+U4JyO5Rk4t4CNj0olQwgPgQ9B3pjHHxVv5wVMbPldrxVx3aycWLthQWIAualgyr9uzj9pzyRO0AMws74lisCjXc4/yb5H//7fmF7/u63LUEyuDZzFNOmDuZxiiFWZ6Rc3tBXD6hupDCde6iUW3oBw/ZHuSt3ZGmJvspWoN2GTQwo3I/POzO4Z5aeGoh85u9ZHaYbmu/J3gHvssg8MfW+6mgF2+UFdWSkL5tnV4fyHtZvmyHTWU9jePfXsXaAcHrl86ddbzW4my8H6YG23J/5sCfw4xPsOQQ2/oi5cxgklbLiXquvndcIQO2qnN/lmmAGoya1ni9/QLpnXM8paEUy/YyYzWVZAI5ePyvlely/ySnb7snpZZbM2fmYIWV1Vnn7ge+h4d7nrFzMInTPfvi8p21S07QZzmgRKIZlgbzuvpjC35RWFSta50j87cJirmGcM+oodl+QpDTM8lHfSaBN2uKD6dPx8CVSBxc79BeI3NaiJw75sgltauSeukXalxsh3e98Ycj0uNryvwARkId7kWX4Vijb6zg+l6ehjjnORjs7hA+1Bvs2ObOAaCAWNB+QhzFyRTFZTYb+ogadksl43FFu6NgRlueefQK2FSHQ9uiiGei6GwOUJCB/3uJ7cjiJgoNxqRF/u/02fFHlh1x7dI5uP+iZmjE7/Cb5P7b9ql21cB4a9OAY46KvaGE3PyyeXmb3stjNuYllLJjCpMU+VD/nRIIWY81TMwrluU9GFITlIpXjfXSnU3WygC/G4Da3rgOcBSBTwgEW3gbCELWCme4bbdL/EPcUbSDbLRYIPO5cmc52KJm+o8+lAKGS6RGVvBcYBT70OtqgdrI1ct/YxCxstxuJmFok2WJotcw3RSN0jVzhnE7G7B3l3+AWdWwbsoDdM8FNVVbmDwVoB1Tj8NyB+Ie5GK+ETmmneIiQCUvIUNez8uD7lV0k51CbeDOGv+T8gjFQwg5D
26,"이클립스 캔디4종x8개,이클립스 쿨링소프트,아이스붐4x6,씨리얼바,리콜라(레몬민트,크랜베리)롯데껌6,초콜렛4종까지","10,500원",https://adcr.naver.com/adcr?x=EdZNOdhoN+ZdAAXdBo30gf///w==kMUswT1/y/SQ1IC+g22N6EvX3B/QNEh0qVgYrZSFP31E9rHJYk5qw8lxsL1nJ1amqItPKI86wGBwECCfFebgcD+0+Miab90veIt7PkqOl9ZQtqQRAuYiyHYSKpIn5IDQzgRn+P7M96nYWPql4XiXUx3WsnvICif1AmBGhYLYotm+JbiO8aDo9wMwwzCXISSSRdGmNrd4EoQ278OwI8e2QnzINe7Gbs0PDt9P2Hy0q+JsteJ7Fps+zmxSxrqgk0zC8Gyel880vbIA2pm/DLScoY04ung5kzbYfMSsb7OoHjdT1zcAgQoNZzIyPDE3ZzuSNZ9bALzWY5oHZU/bzHoejABF2mYn9AX0kmCwS6S5TAv6abgTpYyGkz5rc/IZYuFmoHVLPFW/MSvZog62oPmRoMrqrAPlQZKz7ltWvyOqblZdifPlLq3DhURxcP7eJFfDXykOvmltIk6vhI5FLGJj6ODlDwqxver8SxybVLaEAS2swrhFFAuA2+yDT6++ADBAiz9ys9jZNfHbK0y/BI6qoRSpgWxOHiGuiSzphS8GuYhtorG86j7ZDK5lHs+CAAZ1DsiSTU+JsSTu+qP2I29Dnb8XrYK2LrMciWaCg6NAx74uvti5frN57PMs96piDIE8HzQKv/kGHgSSOnSJYzN9RHz8YO2Bv6V+gI1+gTByaebjXteKArYapKu9N2MI+r46jkv75WcPU5Vh6B5kOoR9aqcdj1dmYKHD+gHzIiRGf2r/YsLYejBCYL+nxhPfG5ZUIwmDyt2jq5MJMSyHbCJQ7hZVKcggDSc+dVGa6BS6FizrsY8rqJwHUd+3GZ1lj3cB6cdnFIVO0yt6EIlWuvA8Q0EI5+c1i6ZX0O/uftd6eWeOEH2Bt6yaPokhHJOwcCP4A2hZgx6nOARWvBB7/nKveDw==
27,[이클립스] 이클립스 쿨링소프트 레몬민트 45g,"1,000원",https://adcr.naver.com/adcr?x=YZKMsWRVen7eYCAwQsVEd////w==kjSREPC64JUkFRrZh1F1hpb88jeoN/WSqOHrV1PhjD21bZZ6zrg4yHIaaffjOEjgGhLW3QtWJEb3haZOxKJRgIdRQOlQaw0jsSPeFa7rH+xWi7Ynf2L5qM87drleHeyANZp2SIjFN2PA1twPpiD8VKDcgBD/2/9i/2lwrCfNAXiqsep6KYD3TtnSmyxtz4xr2mYnapejU+R18391SEdpjp5D3bEw3JHZeggj9WMgCtJSTkFVX0f1Kicx6tS+Ysjwgqc7cZtgm0FuU1lIg0Kj4/4yfoxZpKU6QSauANt8fu/K9Xhzw3sJxd2SmVuB7dKNobpFuDbEISgOP/eGU28YrY9Piu1HaYvHyRpl76Pnl+X5M8cRhHwpe9myapSz6yxNH2vHEvYa+erE87HGc9KDrvsaFm9gEQIK7MLkrNu+hA1Lmf9AhQEE5eFrXs1xhM7JN1LdqW3jdTPrKwrmz+SJyv1Uhywf26envE4HsHsMHWBuhlTzG/9JhhMq9MgXVuWeOSzmM+K9LTdz1eFkN2FEcVk52fOGCxvN6PyYxeZ/SGSWhpJdn3jsGMzejaMCnxa4TGXcf4bx/psB/4Ml5aQC61vONX/dbqJ3PeymxPylfClVjIhAlJb/JJctv2nfOS0N3R8Kmy4Rn9iuQsV3TwUARltrWCLz15iVNkFJ6W2TqC/I+oFAfUpGUrkriYgMTTbhLW1hDsVRhYCySmCm8W9nRdumQihy6EReZdCnsu3z7leMBvpTMMAYnUm9nSO7xonx8fq8DjRSrWx5FKLAqY741HDOO0S70+pVo3jOBCDfW6Zuto15wG2tuBMFYqg/iEiqHxqdZ/mEy6EJnBPUskrjgH33Gb+Hp66HhBAiLimMaThtqMaaA1ncgLblJMNwqyi2fxOu1O6ju+kMP0cVs4u6nqRRc2ShqY4XQzGee/b3M5VM=
28,이클립스x8개 (페퍼민트/스피어민트/스트로베리/피치),"12,790원",https://adcr.naver.com/adcr?x=CR5gT6XEQBOr1hyDDo4YFP///w==kQvNTgWu4kkiiUihWDTp+9OWVEBGL1/4oucNePKzvfh401EEJDwIvw4Eo+mUHa6kEKZZ5juQEskvh/fUzvJYXMDO370U22H53hEAJKzRM83R1aPrH95CQEgBH29y40qpFCWZVfTKpa4Aw9g0EYNsf3s45NjjtKMOAIEX8ILPAKuV6vDI9rYltL3xkr1/Xu7sv9j+9A5VdfjP1YL6u/WNwP90BCQXhtftmWamzqC/WGudtjvWqjxIucgh1gbDhvsG+FbPap1NqTo112DSwWq8TsW72Hzmk/6SHYIJfLNjxKMbW/I16caa3RwM38Re2qrriNXK8kDlBh8XpAx0uJ+a/k3VjzZP+zGz3paVUea9FzJwxuUm5MCj1C6Nn4GnHYlN4IKrHcTTVuWoiMliBbr4BGskar0zg6/TfYGre98oujNvQWtfC0YrwVNSKlV3gROZHl6B7+xOoAjrNj2g8UMSFMBgq1fg8UBr/kTIkK6TPw4AIBHg1PY+MBzjg3kg/0+LxZ8DTYBgFjTk8FUkfEMdjFbt10cTlunpOAR1nGAECHBRHD+wUUNZiXRC1nhvBA2x4U6WbrHR2BD1L5B4kRjvnwvnBAHqMJSiLXqPYLvkQLpNZ0SEOfWzsOYL/SvdGH6Bu07irtrF/UwWnV5SvE2P4SLJdsPqko1j761fQ7wp0LE7KrvOkyAmbx6/BY+poZfID2q+Rswt4OR3bHceJsQnUI6ULr41eIms0ImJhFxw1Xh7LUhI/NYi1DZ9BEcDJeeJlyig3sxwer4A3VWU8/2gVzWQdLlsN+T6uJpXT9miZJwBBSj7yoqVD0BxkpMLlWqCldsJzVy+ShFBoAv7j0uMmlJbEkbtjyQBq2UkAictiozmaIhWYHAZDP54u8WXAx51Mq+SAQ6WPGxRrXmog9hQVAayEcpHbJOtJcg71vyQk7EIJmqPAQPpgzcWFMFAqoCaQxl6rfpE5UnGTbhOgyODmVA+z3cSTF4qe0s06ndfUG2wlN78eY5cRaV3C9lAtc2p7YTj+9yKLCRBgkQx89FID1L7B0azwzPxSulrT1TgNnY56TJRa82Nzi4/C0q/KwIqQcNRCsJJzTZOh8l+IUUNW18c9Lrs5zUNiJf5g89BHpcc=
29,이클립스 캔디 4종 입냄새제거사탕 맛있는 목캔디 아이스붐,600원,https://cr.shopping.naver.com/adcr.nhn?x=zNckjS%2B%2FEvKD5gJbB6loZv%2F%2F%2Fw%3D%3DsET287Ym%2FmmeTKqSEYdy8KHMWXBIhmP5Mxujq1yIJUtwkexxdf3qxv8nOCQVK6A2XL6mlAaFqVrRLMd22FicOAvnZ4OPSzaHF11NJaylpEjVxIEnThES%2Fd3TywrNvj3ZL9mh95dADjXSbABwPDY%2Bx7IZYgwI2fs40XR%2FERq%2FGNyfWK4fiV391hyKbNzjTTmNIpDCrEa%2Bk%2FVmbnlxtXg0YiDSwC258mKPp3GpRTwgnCsZYO4Am6plsaXHSO650j1yFP2tfKoQ0NQPyiad34AQ6K9%2FdVvwtcOUlbNrGLU3RUnqP10i3h5bF%2BOAVfRUaPPtk8%2BCr8GYe56hKiOQSrXmEYQfwQBiEvbdYF3OmgxBFQ4Ob4XdUZOGsqiN%2FUySLCsvEvSmUEJChFGYo6b6XeTh5ec8k7UJJ5RyBFo9MYVfWema%2BdGO4jzZDKXWwKsStXJ5pf8NM0NtKJ6jRm6vwow9wX0PL94SpMGdcQSVoFBROc81B6BOVq1D5C4BLKT6VPb1h1ZleR5bI5wO4rCAUlNQHqUg3VcG8NcmK1oXHeYXSAJF1iENbt87dBhWm%2Ba8yFpbDtxfJO9DcsTvrrKekImWMSWd73%2FSQuW1YImx2IUkDnP3JDR2btBg4CT0L3KHusaXQHRyPBWbUFRhWScTsgQynPg%3D%3D&nvMid=82365824241&catId=50002001
30,이클립스 스피어민트향 34g,"1,540원",https://cr.shopping.naver.com/adcr.nhn?x=J1Uu1ilN3%2FTZVLHejgI7Sf%2F%2F%2Fw%3D%3Dsbzdo5614ORnMSlyK7DsDdaIEae4obcSJcuAOsjFbM3GYBKtUbeTHQI5Q6lsIY4XdbcXdbPGpJi64%2FRVD67YMZqLrDQO0YmG7nVspBM2SOkWAIs%2BY9Yd8r%2F2eW9ERBQZ0Py2Es6yXf1TvTkb2GDIw9UPg%2F6PYJW9LpCSumzPJoiiI9aZyW4hhCgmcrsQhWGWGU3cdF%2F1QONye2bSgcLoKa%2FE1hKopGxpuHFtTM7%2BQq4rjXyIP7t9NYPctdUrnClEZH6JIwtebJJZ0KMtG9AirMzpl%2BRqX9o4HuxReiuECkkXffisv5tHfoGFh7RH%2BtSaOAFJNLWxG%2Fj2gEfGb7GroeGBu%2FoJK2MoUSwEJUhQcf45rs3u18p8NRyk4k8Ki1vJ9%2FZqVBottFIbGMhDrt2Jq%2Fq6k32Y%2B053JZM4e1J1PfzPdcKGS8K3v9HOi3wvF0LzmzYaKiVSIKu6bnflqHp8TSgK0K6INN8u73iaQWu5S6wAyIVno73Ug1QF1TIOJSuT08jR8gVF8FlQ9pItE8Zzc8gkBSDrmt8R4HgtURnzzXK5%2BUvIdUYYz6X%2FZSVE3XYOtj%2FaM5nVf1rOXk0fVU4woW4AkY15xUgqDL0pxhXhGjZW0YUcsW4UEJy3UMJuF3appDhLBwu%2FFQS5xWYf5w6G3jQ%3D%3D&nvMid=24513933528&catId=50002001
31,이클립스 쿨링 소프트 캔디 45gx12개(페퍼민트/레몬/청포도),"13,710원",https://cr.shopping.naver.com/adcr.nhn?x=iINR%2Fg51Pe5LrkgDMP8xvf%2F%2F%2Fw%3D%3Ds6xdO1v2QBAsv5HUqQIKtxD7mHM8zjr0euh7BQa4BGqC8Hbb%2BXB5g%2FeczMdnh69WpnrXKcG%2FksMzRVZ39fQyYORvSQKnyQgvt6e5nx7hmOvBIEeojlTXwakpDKME5uf6Oh7vkwYsQjez6BxdqEnHCovu6oAkTGETHMs8EuiNceQtR%2FAnG6mqPP9lrbN%2BsKkhiSm6gIWtfnXr9O71r2ihnNBGwT1ZxA4aZPgP85NpPnTxCxT0qWvQIW2qlPlyzSXoXywzmTmRvGD%2FgZYTjyHvRo3rTXr7Kn13ziv%2BL7HuG0pJthTvU%2F05au0wXf8ba3f3avyAap7W9mywludw4v4Bo%2FjXXTYu8niKUKhTFKqA%2BoLpVXemfpmeX70wC2wQT5nyi5pxiwDZPU40LYzhHX%2FcRv4%2Bwrd93EnTOnqxR4WFyok0dFpV1Eg5YfvQVVa4NIvaUGT1gKBNs8%2BTaHLvTI2e1U5nbt81nv8NiMDHuZTAcM8PN81WjUpxJVJrN5mDsz4Bpk5JZds8eGH07OlWk5JNoR5ffDOObPSGF7dJee5tKrQy%2Ba6YM9TGItX%2FjDk4Wo2gLQC%2Fgfrh9i7dlxPQCA2eFMrx4gBjmn0mSJ7sZzk%2B9J9CcbZ3dHGNECSwhwZ%2BBV1Bkf8FVE0Fjd4SDp2i6atqBN9oHmPCyHrOyoP4JkT2nrpUTquG1o4bxdglmnuXTj0sjBtOPDqRsKvbMq6t5Mq76grT87MXSttcwlDF%2B0wnNzy4GruH08DlKshetxY8KUEZb&nvMid=27213191111&catId=50002001
32,이클립스 캔디 8개 / 4가지맛 - 행사상품,"9,790원",https://cr.shopping.naver.com/adcr.nhn?x=UxuEulLm2zzAFgG4XxLcE%2F%2F%2F%2Fw%3D%3DsdNpq1y1jJPSo6k4BBjv9H1bkfSdxBr%2Faldzva5PM0HCYBKtUbeTHQI5Q6lsIY4XdSaVDlHywxjD60vZBCSB9VqLrDQO0YmG7nVspBM2SOkWAIs%2BY9Yd8r%2F2eW9ERBQZ0Py2Es6yXf1TvTkb2GDIw9buVw3GdaDAvxDSjC3cnt2Z%2F22ms%2BW8TiQQNz%2FOHMMFFT8mQHZQnslFmgI9mFwdz2UdL73HfQqwFQJ2Id%2B1L%2BX1lc6P1YajnJs%2FPQ4MWP%2BA7wc%2B%2FjkR2vl%2B%2B%2B%2F%2BVPNlrhR4escCzP29AxNmp3eKMENe54RZefKjIM6dTyCd9ebg9Xa1PYAb0zmPF1cRoKRscXduWZ5%2FaDYR0d2jxSmS9csLPh66lJYZq3ys%2Btcdq0%2B7QoSo5iHALzmuFfsqLKU9%2FGlayhUTkLB5WDHx201j21Kz5t%2BUfgQN%2F2GVG0gjhYjXse1TZ4oVdKwv1OSZTYitHGOLoH7P30EvXufwNHaZky3C03fBAf5TwCs7kZlTHWbi8dYhDW7fO3QYVpvmvMhaWwwpNzzMjYJUS4590TJTk8nqKdWVklDf5RXx7byrtascdK7yHKZ53WG3N78HGeAnOHYKoDr6us%2BRKRCOTdsWr9TI%3D&nvMid=82906733832&catId=50002001
33,이클립스 이클립스 캔디 8개 골라담기 +2종사은품,"13,620원",https://cr.shopping.naver.com/adcr.nhn?x=d0ekX53SxpabAYSInWAS9%2F%2F%2F%2Fw%3D%3DsY9gDOa0ZepgGKjfNZgEUI8CugFovnII3htL%2F8C%2FqYqG8Hbb%2BXB5g%2FeczMdnh69WpTylkQaEMAQE7Sxy2xgVinBvSQKnyQgvt6e5nx7hmOvBIEeojlTXwakpDKME5uf6OaNT6fISz%2FcPRDSjC2Fk4vvRlvSPRdF1kA2uhYEdYUALddJnZdQ7YkO2Oo4admFBe0Hcel%2BlCDjZjiZqtDnkNOPAXx8HRwTP2Lv3q4PM%2FF6mbFRlUgtoVBqn%2FG7prp4Z9A5ijqTU6jnRNRTh%2BkUVsAgez%2FY8eSma9aMvarLWce5t9s%2BsMbpdMf9BFsQ%2B0wCKUa%2B36AYCDWzmSAXUdhpuh%2Bl2tT2AG9M5jxdXEaCkbHF1OQHaygNhKzC5YDKKs0PH4BBtpuS2t9zLfmFgu%2BAbQJKEqOYhwC85rhX7KiylPfxo%2FFNNI0sPNCl82a%2Fxl4QuGG7hA0EyX9zyh%2FCZRqoszsuKkL1y%2Bx6s5lKl9lVC8kj%2BB4mBmPPEFvK%2BUH89Sfjn6mUhpmqZVxqzaQ0KIxKximjN3ghes3E8AyeZnUKx2Twt8CXl251OpmWizflz2KEWcaAGBP8ziqulMqJVJoK9EUO3kyk6GtHsOoa0%2F1QJwdQbHICEQpPL7Rm%2B2fyhjEhHR&nvMid=30663800007&catId=50002001
34,리글리 이클립스 페퍼민트향 31g,"1,180원",https://cr.shopping.naver.com/adcr.nhn?x=1GS0Vsf8hjBJvNMDkCNJS%2F%2F%2F%2Fw%3D%3Ds%2FpsEKBqFOoO1GZyAn%2BR1f8w5WyOtduHQ6IQP6Dw5jNi8Hbb%2BXB5g%2FeczMdnh69Wp%2BsVS4OnM9dGsWTDfwWoTsxvSQKnyQgvt6e5nx7hmOvBIEeojlTXwakpDKME5uf6Oh7vkwYsQjez6BxdqEnHCosi30QtKP1mA7BYZPpxeJLexWvZfe2todmJfmpbNrXnq%2BTHbB8I%2BgoOwFTnNP0ao6GJmEQGcpWuhgjWlz719UunMK%2BSwrk7dBm4%2BubCIQ7AHXWdtlNkDYwPXDvUvEuSQdWp%2FbZ2hIBWeMg5kbCaRx1iGZ5a0ma%2FDwz3QQr7PLlrXJV03cukp%2F9sq6JmLvPVclARZCsnA37cdETOiUirwwkaOl%2F4fZI%2F13LNnZwNGTS2DV36ogsAbT2GMBHUreotiQM7t0%2Bk6txQD%2BCIrn2B9GoXbaxYwyE0D0Otpxavax1M4BHNOS04mwbf2sLSii8Aqp576yeI721492ZrArkX6T%2Fr9QaRDOaL4%2FxI59KGe%2Frd58jR8gVF8FlQ9pItE8Zzc8lvtHNUB5RuXK7dNAKQCIuyXe3NGywaftQ4e1iVWB%2FRuj%2FaM5nVf1rOXk0fVU4woW8w0MiOrheuvIN3YCOPsHBCAE2t2GNGsFQMroOxNxmtlgqgOvq6z5EpEI5N2xav1Mg%3D%3D&nvMid=21361987710&catId=50002001
35,이클립스 이클립스 쿨링 소프트 캔디 585g +2종사은품,"14,000원",https://cr.shopping.naver.com/adcr.nhn?x=5mh3Qk8JZ%2Ft2t0xOQbBv%2Bv%2F%2F%2Fw%3D%3DsHanr89FZLzXmK%2Fk3i4mVYFPYq%2FHC1GYqw8tm3f466qaYBKtUbeTHQI5Q6lsIY4XdhyF7CE0E1qlzCje%2BXMeMB6LrDQO0YmG7nVspBM2SOkWAIs%2BY9Yd8r%2F2eW9ERBQZ0SfrmERMvEz8pGX2lLczM1aWdDjjzvasl8%2Bf0%2B6F%2FR0hPQK2IMRmxV8FHgAC0Hjp0qGQHtBvhYuNWcZLXJUktn6xP1i7tLstcnjBTsps5p7dqf22doSAVnjIOZGwmkcdYhmeWtJmvw8M90EK%2Bzy5a1yVdN3LpKf%2FbKuiZi7z1XJSCb%2Fr3B%2FETyJlnUXewPcsAwhJh3RhTyHAFKxvqcwmJNFd%2BqILAG09hjAR1K3qLYkBIdjVdVZwf6VcHIlk8WyhRu9p7%2FaRuerpYNNOjMbL76fx3hGeAQypEKv24kZR%2BqNtRcDav8n2xx954wjij6IkGT6E7Q6sDe6aAg9F9qGnzt2lN4fe1w4GZ14UIKx8FC8aKJhakn9XX%2F9kGq1KFE2bdtkAfn0YuN1fQS3qHwyYEI0Cmt4XVxVqA17kuysvsOIllNzdJFgkoR1MOL3Zb6EWFPmlniG2xZQl7%2BARCxP76WoMH3kpcyff3L32QnSsKYJJXc50eBITwugSNPH3Ok09sVpGw61BSdoQRvEGgfFlc5w%3D%3D&nvMid=27643961659&catId=50002001
36,마즈 이클립스 블랙커런트향 35g,"12,510원",https://cr.shopping.naver.com/adcr.nhn?x=GoRbvysien1I%2BuPL%2FFvLE%2F%2F%2F%2Fw%3D%3DsTBQ8M9nWk2b1%2BAsg5bHw2DIGu43eupzYrg6H%2Bi3%2BEp8kexxdf3qxv8nOCQVK6A2Xe4tAAiZQhJez86o6adlNh7XJUpG399Y9iCso6WW%2BV%2BJxIEnThES%2Fd3TywrNvj3ZL9mh95dADjXSbABwPDY%2Bx7EgAn8lD2%2BxrgblrBqYwPdWug%2B9sjA7rHdeMLkY%2BwIMUWc5Fb6ZX01Vx1gvPuUnmPP%2FDlhlCgVw4RalEhsUhKMglFmOe%2BMWOpwDiQfmsF3QoqsupCidEnkSeibQFF0rJeJsVGVSC2hUGqf8bumunhn0DmKOpNTqOdE1FOH6RRWwCB7P9jx5KZr1oy9qstZx7mxd1Bo%2BiMyh8U24VzrHr6qoArktDkGwhvuQrRKcLBsrgZCKbS5IZXjkbKBm9wVCukKrhhepNI2Yo7CLzJKSqth7RluHJDXb1TqPVgKlWDdCJSrGiurM74EaOV%2BVwtR51svFrzI9N%2BbppCgx0Q6C%2BwhMknxuizjW87JSPdXB4oLu%2BczQg3AKxMlXkBDOxOFDmH1E3OYYLhK%2BRV11qj0jArw5PwCXFJiRdosf3os3K%2FWn1MhSz2EGmzXtkOXfVAOD7Np7Mmo0WVYryAbRFNG3lXUNvU2Y6hEEwGxc1AZfON9sL4VRAH%2BsMDObarUodGweR8Q%3D%3D&nvMid=25778885824&catId=50002001
37,리콜라 40g 이클립스 호올스 아이스브레이커즈 알토이즈 목캔디,"1,500원",https://cr.shopping.naver.com/adcr.nhn?x=UzuyY9g6ncl4a2veuW2Gx%2F%2F%2F%2Fw%3D%3Dsl3ziwnjKA%2Frzst75J%2Bf0r6PsZJQzv%2B2t07gvdhWWYmC8Hbb%2BXB5g%2FeczMdnh69WpejRW46EIx1dUJFG%2BPf69shvSQKnyQgvt6e5nx7hmOvBIEeojlTXwakpDKME5uf6Oh7vkwYsQjez6BxdqEnHCojaSZny%2B1MgSfJG5ocTRQNj1rIvubP2%2F%2BNF2sTRY2hEV1vDhCY43XFT7CVmjwh5bGkP%2BYdS8I6aE2iJeloCfDc9WEXeXwSaubPu0qUaxQfPPa%2BpHa6ewb0%2FDpcGez9%2B2Mmaf7oVVn%2BbTDsruUdhAA7vTratiXHYMpPxKAMC%2FTwWQ6%2FqvYAPvjcpeva33Hb8iqd7VuUveDDJuqr4QuMyjRbD4c6oirxvXpzLllQd5%2BH7AgzldfD7PtC%2FH8yoxnzaaOJpERmg0Oka%2B%2FA28NnhvYW2lZ%2FDU35gGIXppajytP5VQL4lP2oEjddyXS%2FE7L14V0sF%2FdHedayl1Y10DugK657jsFbOKid32h2AISmD24%2FHd6w9AtP4pwqHw3m9up5tXRLzJwD9Jwa52JIDLQbWMBPLmELFO07QEQYUyi%2Bk709RT1pAD6U7JWvbCfwuJZo9jInJjwKAIKrjTxbw3e2hbqssCKpoqWkuJzxMq%2FG4%2BhWtOy1Vhq%2FH77x9Zlr1IFzyuow%3D%3D&nvMid=82564843588&catId=50002001
38,이클립스 캔디 31g x 8개 1box 인싸캔디,"11,320원",https://cr.shopping.naver.com/adcr.nhn?x=GsXlSu6JYp9msiNYT2vQNP%2F%2F%2Fw%3D%3DstNVRJcgLH%2B3aW5i5KFvte32MxBe6GYCzDiDekIoRTc8kexxdf3qxv8nOCQVK6A2Xwgn7G9TaJ86ddH%2FSoZBZQZxDVFMHaAFpZPyMfeyyQb5xIEnThES%2Fd3TywrNvj3ZL9mh95dADjXSbABwPDY%2Bx7I%2BIQytrVqltGB1T%2B2f6yx3boDMDs%2FItH9u7RHvoVPYgJO8fTAFEXpkHrtMxjsD9L82g%2F2ylV7owQIcH4ZBhogEXH%2F%2FvSVcsr0LDK0730KX4Itp6u7rqJ%2B9dCFw%2BDoKsb9DhBDhxiYuRmw54N4wryejDpmNu2Rs3tEPrV0ZTODsbWqyaFa2xLbpwGCJChqMDqtBuROEamPU9DX%2BgfO%2BGvz7bp0Mkx4BH3NhXTCH%2FU1KvGT1gKBNs8%2BTaHLvTI2e1U98S79nyR%2BrM4UQUExFCE2DN81WjUpxJVJrN5mDsz4Bp0f%2BVP9jZp%2FL10JPSxvfVjHxprlpSgZEX0JOITwhX997R42Td5vWkxi6baGZYjFb3ItnCMeVEqNYCMMjkurEYo90z8tkLuY9nZtnQdphxiJ5%2B%2BcLqzCNEo8LPel4%2B%2Bi%2BeQy6QRi2dI%2FzKcjDGUOusNRqebzQ4SkMSHC1CIQFuUV%2Bfg4cc2xh1%2B%2FtqOPicmGzyQdAiJdwXirBRdnaxfvrBbw%3D%3D&nvMid=21893050170&catId=50002001
39,이클립스 쿨링 소프트 캔디 청포도향 45g,"1,280원",https://cr.shopping.naver.com/adcr.nhn?x=%2BYWrXhhNbTVHvNlk2LaFQ%2F%2F%2F%2Fw%3D%3Dsd6DsSEef%2FFzGiJstVzAhKWTF%2BmjloI%2B%2FMKmQ%2FSoUL96YBKtUbeTHQI5Q6lsIY4XdsbzszEO94zJES6X86dmdEaLrDQO0YmG7nVspBM2SOkWAIs%2BY9Yd8r%2F2eW9ERBQZ0Py2Es6yXf1TvTkb2GDIw9aTq%2FbD2MGowZHhNOyBhpCcIbaGxswWbzz2pn1xqPi0mQvWEV3jYdIzFM%2F5lQ1yvPRJn%2BRqFhzVooDGqg%2B%2Byjxii4%2Fr0lz1oSk9AW8qzFsUvpOr9sPYwajBkeE07IGGkJ5SCPsmGKllbt0kl8XIxCXTDi8Mg1VrBHfuyyJcDf7VpHGAW3MH7fheKA3XX1HAjvMeRPGPQW1%2FDmIrF%2FWPT89get8y2wIBUPlgcJSmthKAYLdVvo%2FZHwOzsgSUpoOtKB6JUCjZMpHcnosV84evFEWl3WT8%2F20RE92W6IPbiFj%2BHpPPA2xRB7kb1TMqwv6j4O7ipDGlQN9MRrd6QL2dfAPQabHwxtZLrzJXX3qPush9v%2F%2FQt%2FMIueYTJ7NMrp9DceUqx68zKGblNQwgrjs2bngVGvUMz%2FWuj29yDaFzlrAHNkZlD4bwwzwipdiBuryILl82OqH9l6YII5ugOGfB4CYY%3D&nvMid=83654140809&catId=50002001
40,이클립스 이클립스 쿨링소프트캔디 레몬민트향 675g,"10,870원",https://cr.shopping.naver.com/adcr.nhn?x=Yf2Rl4YrFgFrpmvL%2Bbqecv%2F%2F%2Fw%3D%3DsBdMzOica1XH0XHwzZFA9j7JRtnomvNO0luVRjqd3K%2Fwkexxdf3qxv8nOCQVK6A2Xi%2B1mo6QIS5oQayKgTGyqR3WIyAV11X5timjjnJAH3CRxIEnThES%2Fd3TywrNvj3ZLcYBnkXcD0TT7rySV0dO9wsm3HByBnqyoQudlQvAroBzp33dwRCAzI0IZ9nyD5tkETcjdp6RRCDkB3etiOzAV8dAZokK5jFkRWfOuplPB5jebFRlUgtoVBqn%2FG7prp4Z9A5ijqTU6jnRNRTh%2BkUVsAgez%2FY8eSma9aMvarLWce5vKMur9nKpuIpJeiGkCKb3hGRYUYIDTCrrE9IaZss4Z7H%2BUucnAxrsG3xHb9QOpCsJMRFqGlrcBhQQrdrjnSxbfoh5R1RRSP6lErO2E%2Fg49yIjQ%2BSK%2F5GmA3AUQW%2BPphlu7p9o4Hdf9lAxjCXDNSlWBbpo6Sp5329gjlQu3rt6PnIh0l%2FdW7U7VVqcWrAQPTdgKoPq46JaPDq6LEoum9PXzBXZNbfm9Hb34quZpIJQJkuuE%2BKyijGDKg72jE9xjPx0ugiDh5S8n%2B7Rc0MeNuzgdsaQpyoOcsFHUVbApzBMdcAA0SQOwTzqr8m2QTsJUngHke%2FVP%2BgM94BPZkP5YJ%2Bex&nvMid=26321657816&catId=50002001
41,이클립스 이클립스 캔디 8개 골라담기 +2종사은품,"13,900원",https://cr.shopping.naver.com/adcr.nhn?x=T7jeUhzO9LPqnpyvQ8La2%2F%2F%2F%2Fw%3D%3DsodvNkLC4ey2SGQSMdoS%2Bdj4KV00aWn866wdARzOW1KIkexxdf3qxv8nOCQVK6A2X8ztLNZz386yb98ccDvTfMV2%2FWBcp6b%2FZLDQRMdmmjY1xIEnThES%2Fd3TywrNvj3ZLcYBnkXcD0TT7rySV0dO9wiEZeoQHMcdY%2BBmIxWKmM6UYU9jgztfft7b6b5ZIhhGI5zq%2BSXh%2FmOUTYEDHT3kYiIsFwae0BHwdZpQbOfz6J3OtlXBZ4OCXSzfj3T4u2ys6ZYIx0gZT5UE88mcI55iHWSJiuf%2BuN2z0hTDr%2BqeT%2FloSZ%2FkahYc1aKAxqoPvso8YouP69Jc9aEpPQFvKsxbFL6Tq%2FbD2MGowZHhNOyBhpCeUgj7JhipZW7dJJfFyMQl0vsus2nl%2BsqNXzuYbapzvtYakL8Jkf6pU9I0LjWzj68LApAMUk1N9gbxjnCXLi0X85lAE6EtWY0BQp0YNLRISBUYAqdscDNtr9hYffOhsWH5EaGDlqtlabLQHK0juDkxRvEXFrq4vHaM%2Fclf4QqOoTMdvR6iAKw9WtN%2Blk3tq7EnP7n5W3IIDprUo2BiXcuVW%2BWUPTJYndQVbZA%2BaV%2FT59llWg1pZkiqDvj3hk8qzVh4ugiDh5S8n%2B7Rc0MeNuzgdEWhNDKYkguwg5QT63PF08DRviWexyv%2BkCe%2F5gXaochTke%2FVP%2BgM94BPZkP5YJ%2Bex&nvMid=21347196369&catId=50002001
42,이클립스 캔디 4가지맛 8개 선택/ 무설탕 민트캔디,"10,200원",https://cr.shopping.naver.com/adcr.nhn?x=Ny14jVqFQl9SvFBexplYZP%2F%2F%2Fw%3D%3Ds96S%2FXRKRc8PA9ESl%2Bf%2BW7V2GTvPYlo1vl%2FCrZ%2F%2FKDO6YBKtUbeTHQI5Q6lsIY4Xd%2BFu8d%2BnAGevu%2BWdvIJbdtqLrDQO0YmG7nVspBM2SOkWAIs%2BY9Yd8r%2F2eW9ERBQZ0Py2Es6yXf1TvTkb2GDIw9buVw3GdaDAvxDSjC3cnt2Z%2F22ms%2BW8TiQQNz%2FOHMMFFTMFKkqQYij759RyeovT4jEdL73HfQqwFQJ2Id%2B1L%2BX1lc6P1YajnJs%2FPQ4MWP%2BA7wc%2B%2FjkR2vl%2B%2B%2B%2F%2BVPNlrhchzKjxA3RGB09RD%2Brw9FzMPIC0tiRdXRFAt2TclZqzTXa1PYAb0zmPF1cRoKRscXfDmwdSDZS%2BSsTRp7RAu%2F5tYEv2Qib1fZaeX7mi6UiZ0oSo5iHALzmuFfsqLKU9%2FGgTaxq1Cvd7yrfcsslrxgBd%2BmivtSZtjAUPP84Vy0tv0grSETZICxq2tc3MJ%2BdL5jcRr99uNLA5quMMbWj9dNfKt3c%2B3JfhR9Ebg5o0jJ2itGQfVjqzeZtd6EFZ5iBKgsXvJEjntGCkjvhDN6olz8XSHNiFGHIPvmIt08ck4u5U8xL4NS6S0wbabf8V7Nwi3X2k562BGSHm%2F3xG%2BMu%2FwZi8GruH08DlKshetxY8KUEZb&nvMid=82733257386&catId=50002001
43,아이스붐 캔디 4종 각 3개씩 총 12개 이클립스 리콜라 목 금연 입냄새제거,"9,900원",https://cr.shopping.naver.com/adcr.nhn?x=eqjkR1mZUHFEUwgZEZ3sdv%2F%2F%2Fw%3D%3Dss3Cy02zqoZ1qkFItaBPoVE7SLa5G6t0J9AydqO%2FobqIkexxdf3qxv8nOCQVK6A2Xof91UaOi%2By3%2FgL1jTOKiJdjnAd1YP0JTkQpdVI8Dk6dxIEnThES%2Fd3TywrNvj3ZL9mh95dADjXSbABwPDY%2Bx7IZYgwI2fs40XR%2FERq%2FGNyfWK4fiV391hyKbNzjTTmNI0%2FaO9vRF3Vq7cLLCF6on7DSwC258mKPp3GpRTwgnCsZYO4Am6plsaXHSO650j1yFP2tfKoQ0NQPyiad34AQ6K9%2FdVvwtcOUlbNrGLU3RUnrMpbVA2%2FjV0ul5T0XcGFD91S8npIp7jlgmtGpbif%2BXtMgolMaLzBnq19VL3m5LXPU2TbFS4Qx7R027Pn%2BXnAaIFCJLeTNMiIpdd72TMnUFR1SIYdFVFVJr8rnaH%2FFj%2BaLSNKn%2FLz8ejmcdaUSV%2BagLHVeqX1cs%2BTNm19pFZYQcnMNTgDc7WOXb2JbNZ76r%2BSNZVcw3q7THIY39lT2mpAHfsvz56jIECjitP4w786YnsOsPQLT%2BKcKh8N5vbqebV0RMbA1OQIABlRLz35RYa6j05hCxTtO0BEGFMovpO9PUU4HCsbDjJ%2BBPGyAFP8Ze3t25Am%2B7XszgyFKaBNjgp8jk0JhP2oWpGSfNilxB7bpy2YVsN%2FiAcjmtIwlTUFZwg6A%3D&nvMid=82453330393&catId=50002001
44,이클립스 스피아민트 페퍼민트 캔디 34g x 6개,"10,590원",https://cr.shopping.naver.com/adcr.nhn?x=QP8biEkaB0UeUFwZr16dEP%2F%2F%2Fw%3D%3DsXJRSpL0ZqK1%2F%2F4pIq1RIa5fN28b8rN%2BxHDdp4rvbmr28Hbb%2BXB5g%2FeczMdnh69WpMzBhXko8afjxKvctIK02JxvSQKnyQgvt6e5nx7hmOvBIEeojlTXwakpDKME5uf6Oh7vkwYsQjez6BxdqEnHCojaSZny%2B1MgSfJG5ocTRQNj1rIvubP2%2F%2BNF2sTRY2hEV5W%2BAVOHfbdAXLrLLgeisikP%2BYdS8I6aE2iJeloCfDc9WEXeXwSaubPu0qUaxQfPPa%2BpHa6ewb0%2FDpcGez9%2B2Mmaf7oVVn%2BbTDsruUdhAA7vbKRmo5XU%2Fi2tcKgotjWhWIYBePQegCKwdOfyQcud4%2FN7VuUveDDJuqr4QuMyjRbCYdhJRgRvJaMGXB%2Fe8YYjwxxM2AXuPhsMkpNlrLLZAHdU4SuJ7ttnbkGovOS47y1VBa1U5gR%2Bvp0075INVLMqB%2BYXlI%2FBc7XwOmG%2FqbLbSJAYjc5zaeQCGNcDeRu5niVNmVASQZlyB5Y3OgJnCSHV5uapT2pPK%2BiZXGj4Gvq5dHEzbgrb01Pe%2FdQECCink7fzMIsiiF0pWu3CTT%2FRh0qJ%2B79X%2B2EvOxmmcBhRaBpO6Um9TZjqEQTAbFzUBl8432wvhVEAf6wwM5tqtSh0bB5Hx&nvMid=81082383004&catId=50002001
45,이클립스 캔디 34gx8개입 리콜라 스위스캔디40gx8개입,"10,000원",https://cr.shopping.naver.com/adcr.nhn?x=GvSb2gTzH1ZD53%2Fl1wajkf%2F%2F%2Fw%3D%3Ds0yLyfZQ5Q2szRSMeFtDGw82cQn2qia1ZgDBY5mImR9Ikexxdf3qxv8nOCQVK6A2XTsycm%2FYwYgf8bGewFddAC7PgGFS1RnMD44yswt3WBJ9xIEnThES%2Fd3TywrNvj3ZLcYBnkXcD0TT7rySV0dO9wi8ffQLw1x%2F8Lf5s6Y8TBIHXkj%2BZW%2F1lJfgqvRvZaBhR6%2BzwmmlAy%2BtICLXEt%2BItf8X7OK0d1wGWw9V5O3BGaXg47uWMtDyvBhgP1PvGt3Gl0OEEOHGJi5GbDng3jCvJ6MOmY27ZGze0Q%2BtXRlM4OxtarJoVrbEtunAYIkKGowOq87JqCnjr1lpfw4FbXlgt%2FGZT3mj%2BKIs7GS8MFNJmZsAhQiR4sYYimEqRm7quhlUW2209Xt0%2F9IZmyQMJWUQUWL1En7TfJbtsBs2nKWjnaUv4%2Bgx7UnaW0KiWijihN3xDx9l8Xw3IohHLdt4K%2BMVHyGVjQGlD%2FlPR7rc0nEmcIqvaN6a1PLU79mfisBY4jldZ5fmLgjNJ%2BFKHkDZQKvaG1LM7oA8b3%2BA4sfJe02uSy%2F0XNye9k3akbXZcS5H%2FclHec%2BCEspPMkaZoZpMFVuxppxQEu4EnpNCgZwxjBBQzigQrYNFWqsJK6A3WtHmWULECQdAiJdwXirBRdnaxfvrBbw%3D%3D&nvMid=24639370912&catId=50002001
46,수입 캔디 호올스 xs 리콜라 이클립스 목캔디 화이트데이 사탕 도라에몽 롤리팝 츄파춥스 막대사탕,"2,200원",https://cr.shopping.naver.com/adcr.nhn?x=rQuM9uRybt%2FEdbFq4LHiMv%2F%2F%2Fw%3D%3DsjFlA3iAN3QTF0eiMZ5L0dJW9cD%2FQU0bgPDHsz%2Flcd3W8Hbb%2BXB5g%2FeczMdnh69Wp5tuuC0CO%2FGYIxxDnAkm%2F9xvSQKnyQgvt6e5nx7hmOvBIEeojlTXwakpDKME5uf6Oh7vkwYsQjez6BxdqEnHCojaSZny%2B1MgSfJG5ocTRQNj1rIvubP2%2F%2BNF2sTRY2hEVjmMlpbWtbCMi%2B%2Bb9OdIhd0P%2BYdS8I6aE2iJeloCfDc9WEXeXwSaubPu0qUaxQfPPa%2BpHa6ewb0%2FDpcGez9%2B2Mmaf7oVVn%2BbTDsruUdhAA7tOh6H8xGMxWyYUiAOnrrNucsKPFQP%2F1zU543QsqSA%2F4t7VuUveDDJuqr4QuMyjRbDa3aTZhWTXCT5%2F2oP9pOeclgzKBlko9AFjN2lNjKEzLt%2Fg1SfCP5nj2K%2Babd6rIFMAl088lcE5Gao7zB8x%2F85qu8p5hLPAvncvscnN2K9MzEReeFbbrnk5kRCMlRaMI9Jlvm6TdLeBGY5q9ssjHJF7BNLf904fhT63pkw0fRDUAg2hyf4kVTXlR3sB8vAeFt3szt8PtsL5ak2%2BFAXy3z%2FOnG2d3RxjRAksIcGfgVdQZCepeHyMC3%2BMU09C5XqRywir7VAb36ErED7xDOmVlGU6yBLYfebdQZtRxBRkgVh%2FTCf5ToBDA2mcw%2BbdNVqIFh6yjZhLROv6eky4nGf2iWqehWw3%2BIByOa0jCVNQVnCDoA%3D%3D&nvMid=80724211032&catId=50002001
47,[이클립스] 한정판 이클립스 하트 8개 1box,"14,500원",https://cr.shopping.naver.com/adcr.nhn?x=cColxjhMSpygQ68S0wBUAf%2F%2F%2Fw%3D%3DsOBT7JwNspA%2BYqiC0WPLJ62%2F%2FZjf%2FKLV0Jd16Wflohuwkexxdf3qxv8nOCQVK6A2XA4jn6P%2F1UtJ3cl4s8WxonV7LeLUcoK4NK5agKO79djhxIEnThES%2Fd3TywrNvj3ZL9mh95dADjXSbABwPDY%2Bx7H1tPNb4GsQjVE0lqas1cxB%2F78Xn6bsL07XLvdbbvzc%2FETlgE6IJz9GUWJV7rTP%2B%2Fhq5UnlxndHbU1%2BzGAGaupArWXT9eTMhhwwHtvS2vL3RsTTwiUaRTFNviAHNQmrMC0Xf4v54BclRk4v1IKVSMxw60MEhsJ4NMLTtI6JLX6LKy%2F6MHZ6u%2F5n6uuzlUc6JNEuUiTS4CHUtVxQrWeRhExh5xiIMizcT6DAPc8zsvsRWBIGQXs2B5iEq%2FVe9kvqpcBmqk66fMURS7fM2g8iXofUXImIYWulhzQ2hYCftJWXRgG9G53t2APvThpISP98Vn3T%2BnRFpx8PTEsVTxzfRrWe0LEjb%2BfkflXaAcQXPJ7HqEI1P5NEPgGHkXmuQ2UihaRt8zWNwKfT5UXzf29my%2FljLCqwIll4cgEeUPICzBpuZCsHz5%2BEvDghPStW7EWDqSTlIoXDXvraqp%2Fa2TCT7q6uGAv2xA9xguVkCJJpofd3uLKGw%2FcpzhVLv0C%2BTxKahDJZysckrEwhDYH0Gzfj7v7cOEsHC78VBLnFZh%2FnDobeN&nvMid=23452046607&catId=50002001
48,이클립스 피치 이클립스캔디 복숭아 무설탕사탕 금연사탕 입냄새제거 5개,"8,000원",https://cr.shopping.naver.com/adcr.nhn?x=BOLfttnB%2FsVJjbbPgH0KDv%2F%2F%2Fw%3D%3DswOCpUj18zT9qsZZoRJSc4rFZoQE1%2FJTGd5JtYhyTqQ29n9bImjEUI3CMxjUfpIWz5HMv60%2BN6JoLRyi11dVvj9agvc6A%2FobMTWAoPtNrdCGykA2qXuIlHllpPlgjwFgk0toMBjYC9zrI6dmxhhuQpLzg5LotibZWs96FaOW7%2BneOP0oYFbr1kQPfR4PYNcaQLRV6%2BWofPBPPSiU3amV8Y1xjtBfZ9dfdbG8WvPXHx71IAJ%2FJQ9vsa4G5awamMD3Visext5K2yYkF868rsMDqiRNldGqbhXVVELS%2F93%2BRje3NpqLm9qnycNJWBgNknjYLf5S5ycDGuwbfEdv1A6kKwtfVbfE%2FpE7GOWsTrZjww4qc4O3y0WTeg%2B9w3ROGqHyViND5Ir%2FkaYDcBRBb4%2BmGW3VjE8YJu5k%2Ff8m44YxZoRFBu9IMQdF3jeTl5u6059Nrd83gS8i28N%2F373Xa%2B4smM5f8KyJwu9vPhRsDgCXXnBkZ7J%2FWEfr2TqRHRn7paYYQXnvnleo1x5BjlQ6Mr%2F2LixN44GOu4tLWBCDYFEReqq4jSUbh8jI86ArSvKNeDhceHNcevjTqxB6qH6fY%2FweuMmeLN9ri3%2FUHc5ts4RpQFokW82xvbgtgD2Tp3FznFlni86euOFlqYxGW3xtmz76xsQ1QmAmnoJRdq4K9btjkCM0%3D&nvMid=82879640075&catId=50002001
